时间,异议事项类型,数据发生机构名称,编号
2022,否认逾期,马上消费金融股份有限公司,3
2022,基本信息不准确,兴业消费金融股份公司,9
2022,非本人业务,马上消费金融股份有限公司,3
2022,否认逾期,马上消费金融股份有限公司,3
2022,否认逾期,马上消费金融股份有限公司,3
2022,否认逾期,晋商消费金融股份有限公司,10
2022,基本信息不准确,中信消费金融有限公司,21
2022,账户状态有误,哈尔滨哈银消费金融有限责任公司,14
2022,非本人业务,杭银消费金融股份有限公司,11
2022,基本信息不准确,捷信消费金融有限公司,1
2022,非本人业务,马上消费金融股份有限公司,3
2022,基本信息不准确,捷信消费金融有限公司,1
2022,否认逾期,马上消费金融股份有限公司,3
2022,否认逾期,招联消费金融股份有限公司,2
2022,非本人业务,马上消费金融股份有限公司,3
2022,否认逾期,杭银消费金融股份有限公司,11
2022,非本人业务,招联消费金融股份有限公司,2
2022,否认逾期,马上消费金融股份有限公司,3
2022,否认逾期,海尔消费金融有限公司,5
2022,非本人业务,马上消费金融股份有限公司,3
2022,非本人业务,招联消费金融股份有限公司,2
2022,非本人业务,招联消费金融股份有限公司,2
2022,否认逾期,招联消费金融股份有限公司,2
2022,非本人业务,捷信消费金融有限公司,1
2022,基本信息不准确,哈尔滨哈银消费金融有限责任公司,14
2022,否认逾期,招联消费金融股份有限公司,2
2022,否认逾期,招联消费金融股份有限公司,2
2022,否认逾期,招联消费金融股份有限公司,2
2022,基本信息不准确,哈尔滨哈银消费金融有限责任公司,14
2022,否认逾期,中银消费金融有限公司,6
2022,否认逾期,招联消费金融股份有限公司,2
2022,否认逾期,河南中原消费金融股份有限公司,7
2022,否认逾期,招联消费金融股份有限公司,2
2022,基本信息不准确,中邮消费金融有限公司,4
2022,否认逾期,马上消费金融股份有限公司,3
2022,否认逾期,招联消费金融股份有限公司,2
2022,基本信息不准确,马上消费金融股份有限公司,3
2022,基本信息不准确,河南中原消费金融股份有限公司,7
2022,否认逾期,南银法巴消费金融有限公司,19
2022,基本信息不准确,捷信消费金融有限公司,1
2022,基本信息不准确,捷信消费金融有限公司,1
2022,账户状态有误,招联消费金融股份有限公司,2
2022,账户状态有误,招联消费金融股份有限公司,2
2022,账户状态有误,招联消费金融股份有限公司,2
2022,账户状态有误,招联消费金融股份有限公司,2
2022,否认逾期,哈尔滨哈银消费金融有限责任公司,14
2022,账户状态有误,招联消费金融股份有限公司,2
2022,账户状态有误,招联消费金融股份有限公司,2
2022,非本人业务,马上消费金融股份有限公司,3
2022,非本人业务,马上消费金融股份有限公司,3
2022,非本人业务,马上消费金融股份有限公司,3
2022,非本人业务,马上消费金融股份有限公司,3
2022,基本信息不准确,哈尔滨哈银消费金融有限责任公司,14
2022,否认逾期,杭银消费金融股份有限公司,11
2022,非本人业务,马上消费金融股份有限公司,3
2022,非本人业务,马上消费金融股份有限公司,3
2022,非本人业务,马上消费金融股份有限公司,3
2022,非本人业务,马上消费金融股份有限公司,3
2022,非本人业务,马上消费金融股份有限公司,3
2022,非本人业务,马上消费金融股份有限公司,3
2022,非本人业务,马上消费金融股份有限公司,3
2022,否认逾期,兴业消费金融股份公司,9
2022,基本信息不准确,捷信消费金融有限公司,1
2022,基本信息不准确,捷信消费金融有限公司,1
2022,否认逾期,招联消费金融股份有限公司,2
2022,基本信息不准确,捷信消费金融有限公司,1
2022,基本信息不准确,陕西长银消费金融有限公司,8
2022,账户状态有误,招联消费金融股份有限公司,2
2022,账户状态有误,招联消费金融股份有限公司,2
2022,否认逾期,马上消费金融股份有限公司,3
2022,非本人业务,捷信消费金融有限公司,1
2022,基本信息不准确,捷信消费金融有限公司,1
2022,基本信息不准确,捷信消费金融有限公司,1
2022,账户状态有误,招联消费金融股份有限公司,2
2022,账户状态有误,招联消费金融股份有限公司,2
2022,账户状态有误,招联消费金融股份有限公司,2
2022,账户状态有误,招联消费金融股份有限公司,2
2022,账户状态有误,招联消费金融股份有限公司,2
2022,账户状态有误,招联消费金融股份有限公司,2
2022,账户状态有误,招联消费金融股份有限公司,2
2022,账户状态有误,招联消费金融股份有限公司,2
2022,账户状态有误,招联消费金融股份有限公司,2
2022,账户状态有误,招联消费金融股份有限公司,2
2022,账户状态有误,招联消费金融股份有限公司,2
2022,账户状态有误,招联消费金融股份有限公司,2
2022,账户状态有误,招联消费金融股份有限公司,2
2022,账户状态有误,招联消费金融股份有限公司,2
2022,账户状态有误,招联消费金融股份有限公司,2
2022,账户状态有误,招联消费金融股份有限公司,2
2022,账户状态有误,招联消费金融股份有限公司,2
2022,账户状态有误,招联消费金融股份有限公司,2
2022,账户状态有误,招联消费金融股份有限公司,2
2022,账户状态有误,招联消费金融股份有限公司,2
2022,账户状态有误,招联消费金融股份有限公司,2
2022,账户状态有误,招联消费金融股份有限公司,2
2022,账户状态有误,招联消费金融股份有限公司,2
2022,账户状态有误,招联消费金融股份有限公司,2
2022,账户状态有误,招联消费金融股份有限公司,2
2022,账户状态有误,招联消费金融股份有限公司,2
2022,账户状态有误,招联消费金融股份有限公司,2
2022,账户状态有误,招联消费金融股份有限公司,2
2022,非本人业务,马上消费金融股份有限公司,3
2022,基本信息不准确,马上消费金融股份有限公司,3
2022,非本人业务,马上消费金融股份有限公司,3
2022,账户状态有误,招联消费金融股份有限公司,2
2022,账户状态有误,招联消费金融股份有限公司,2
2022,账户状态有误,招联消费金融股份有限公司,2
2022,账户状态有误,招联消费金融股份有限公司,2
2022,否认逾期,招联消费金融股份有限公司,2
2022,基本信息不准确,湖北消费金融股份有限公司,16
2022,非本人业务,马上消费金融股份有限公司,3
2022,非本人业务,马上消费金融股份有限公司,3
2022,基本信息不准确,捷信消费金融有限公司,1
2022,基本信息不准确,河南中原消费金融股份有限公司,7
2022,非本人业务,马上消费金融股份有限公司,3
2022,否认逾期,招联消费金融股份有限公司,2
2022,基本信息不准确,捷信消费金融有限公司,1
2022,否认逾期,陕西长银消费金融有限公司,8
2022,否认逾期,马上消费金融股份有限公司,3
2022,基本信息不准确,中邮消费金融有限公司,4
2022,基本信息不准确,捷信消费金融有限公司,1
2022,基本信息不准确,捷信消费金融有限公司,1
2022,基本信息不准确,捷信消费金融有限公司,1
2022,非本人业务,捷信消费金融有限公司,1
2022,基本信息不准确,中信消费金融有限公司,21
2022,否认逾期,兴业消费金融股份公司,9
2022,基本信息不准确,兴业消费金融股份公司,9
2022,否认逾期,马上消费金融股份有限公司,3
2022,否认逾期,哈尔滨哈银消费金融有限责任公司,14
2022,非本人业务,捷信消费金融有限公司,1
2022,否认逾期,招联消费金融股份有限公司,2
2022,基本信息不准确,南银法巴消费金融有限公司,19
2022,账户状态有误,海尔消费金融有限公司,5
2022,否认逾期,马上消费金融股份有限公司,3
2022,否认逾期,晋商消费金融股份有限公司,10
2022,非本人业务,招联消费金融股份有限公司,2
2022,非本人业务,马上消费金融股份有限公司,3
2022,账户状态有误,晋商消费金融股份有限公司,10
2022,否认逾期,马上消费金融股份有限公司,3
2022,基本信息不准确,河南中原消费金融股份有限公司,7
2022,否认逾期,马上消费金融股份有限公司,3
2022,否认逾期,马上消费金融股份有限公司,3
2022,非本人业务,捷信消费金融有限公司,1
2022,代偿,四川锦程消费金融有限责任公司,20
2022,基本信息不准确,捷信消费金融有限公司,1
2022,否认逾期,杭银消费金融股份有限公司,11
2022,基本信息不准确,捷信消费金融有限公司,1
2022,基本信息不准确,捷信消费金融有限公司,1
2022,基本信息不准确,捷信消费金融有限公司,1
2022,基本信息不准确,捷信消费金融有限公司,1
2022,基本信息不准确,海尔消费金融有限公司,5
2022,否认逾期,招联消费金融股份有限公司,2
2022,非本人业务,捷信消费金融有限公司,1
2022,基本信息不准确,陕西长银消费金融有限公司,8
2022,否认逾期,马上消费金融股份有限公司,3
2022,欺诈,马上消费金融股份有限公司,3
2022,否认逾期,杭银消费金融股份有限公司,11
2022,非本人业务,马上消费金融股份有限公司,3
2022,否认逾期,哈尔滨哈银消费金融有限责任公司,14
2022,非本人业务,捷信消费金融有限公司,1
2022,否认逾期,马上消费金融股份有限公司,3
2022,非本人业务,马上消费金融股份有限公司,3
2022,账户状态有误,平安消费金融有限公司,27
2022,欺诈,马上消费金融股份有限公司,3
2022,否认逾期,招联消费金融股份有限公司,2
2022,基本信息不准确,河南中原消费金融股份有限公司,7
2022,其他,兴业消费金融股份公司,9
2022,否认逾期,捷信消费金融有限公司,1
2022,基本信息不准确,马上消费金融股份有限公司,3
2022,否认逾期,兴业消费金融股份公司,9
2022,基本信息不准确,陕西长银消费金融有限公司,8
2022,基本信息不准确,河南中原消费金融股份有限公司,7
2022,账户状态有误,马上消费金融股份有限公司,3
2022,否认逾期,马上消费金融股份有限公司,3
2022,非本人业务,捷信消费金融有限公司,1
2022,基本信息不准确,捷信消费金融有限公司,1
2022,非本人业务,捷信消费金融有限公司,1
2022,欺诈,捷信消费金融有限公司,1
2022,否认逾期,杭银消费金融股份有限公司,11
2022,否认逾期,马上消费金融股份有限公司,3
2022,非本人业务,捷信消费金融有限公司,1
2022,否认逾期,兴业消费金融股份公司,9
2022,否认逾期,马上消费金融股份有限公司,3
2022,否认逾期,杭银消费金融股份有限公司,11
2022,基本信息不准确,捷信消费金融有限公司,1
2022,非本人业务,招联消费金融股份有限公司,2
2022,否认逾期,陕西长银消费金融有限公司,8
2022,非本人业务,马上消费金融股份有限公司,3
2022,否认逾期,杭银消费金融股份有限公司,11
2022,否认逾期,兴业消费金融股份公司,9
2022,基本信息不准确,海尔消费金融有限公司,5
2022,否认逾期,招联消费金融股份有限公司,2
2022,否认逾期,招联消费金融股份有限公司,2
2022,基本信息不准确,兴业消费金融股份公司,9
2022,账户状态有误,海尔消费金融有限公司,5
2022,否认逾期,招联消费金融股份有限公司,2
2022,否认逾期,招联消费金融股份有限公司,2
2022,否认逾期,马上消费金融股份有限公司,3
2022,否认逾期,招联消费金融股份有限公司,2
2022,非本人业务,马上消费金融股份有限公司,3
2022,非本人业务,马上消费金融股份有限公司,3
2022,基本信息不准确,中信消费金融有限公司,21
2022,非本人业务,马上消费金融股份有限公司,3
2022,否认逾期,陕西长银消费金融有限公司,8
2022,否认逾期,海尔消费金融有限公司,5
2022,否认逾期,海尔消费金融有限公司,5
2022,否认逾期,海尔消费金融有限公司,5
2022,非本人业务,南银法巴消费金融有限公司,19
2022,非本人业务,马上消费金融股份有限公司,3
2022,否认逾期,马上消费金融股份有限公司,3
2022,否认逾期,陕西长银消费金融有限公司,8
2022,非本人业务,马上消费金融股份有限公司,3
2022,否认逾期,陕西长银消费金融有限公司,8
2022,非本人业务,马上消费金融股份有限公司,3
2022,欺诈,捷信消费金融有限公司,1
2022,基本信息不准确,捷信消费金融有限公司,1
2022,基本信息不准确,捷信消费金融有限公司,1
2022,非本人业务,捷信消费金融有限公司,1
2022,否认逾期,马上消费金融股份有限公司,3
2022,否认逾期,杭银消费金融股份有限公司,11
2022,基本信息不准确,捷信消费金融有限公司,1
2022,基本信息不准确,河南中原消费金融股份有限公司,7
2022,非本人业务,捷信消费金融有限公司,1
2022,基本信息不准确,捷信消费金融有限公司,1
2022,否认逾期,中银消费金融有限公司,6
2022,基本信息不准确,捷信消费金融有限公司,1
2022,非本人业务,捷信消费金融有限公司,1
2022,否认逾期,捷信消费金融有限公司,1
2022,否认逾期,马上消费金融股份有限公司,3
2022,非本人业务,陕西长银消费金融有限公司,8
2022,非本人业务,马上消费金融股份有限公司,3
2022,否认逾期,海尔消费金融有限公司,5
2022,基本信息不准确,哈尔滨哈银消费金融有限责任公司,14
2022,否认逾期,马上消费金融股份有限公司,3
2022,否认逾期,河南中原消费金融股份有限公司,7
2022,否认逾期,捷信消费金融有限公司,1
2022,否认逾期,兴业消费金融股份公司,9
2022,基本信息不准确,中邮消费金融有限公司,4
2022,否认逾期,哈尔滨哈银消费金融有限责任公司,14
2022,否认逾期,哈尔滨哈银消费金融有限责任公司,14
2022,否认逾期,招联消费金融股份有限公司,2
2022,否认逾期,招联消费金融股份有限公司,2
2022,非本人业务,马上消费金融股份有限公司,3
2022,非本人业务,捷信消费金融有限公司,1
2022,否认逾期,招联消费金融股份有限公司,2
2022,否认逾期,招联消费金融股份有限公司,2
2022,否认逾期,招联消费金融股份有限公司,2
2022,基本信息不准确,海尔消费金融有限公司,5
2022,基本信息不准确,海尔消费金融有限公司,5
2022,非本人业务,马上消费金融股份有限公司,3
2022,基本信息不准确,捷信消费金融有限公司,1
2022,基本信息不准确,捷信消费金融有限公司,1
2022,非本人业务,捷信消费金融有限公司,1
2022,非本人业务,河南中原消费金融股份有限公司,7
2022,基本信息不准确,捷信消费金融有限公司,1
2022,基本信息不准确,捷信消费金融有限公司,1
2022,否认逾期,马上消费金融股份有限公司,3
2022,否认逾期,招联消费金融股份有限公司,2
2022,否认逾期,招联消费金融股份有限公司,2
2022,否认逾期,招联消费金融股份有限公司,2
2022,欺诈,马上消费金融股份有限公司,3
2022,基本信息不准确,捷信消费金融有限公司,1
2022,基本信息不准确,捷信消费金融有限公司,1
2022,非本人业务,马上消费金融股份有限公司,3
2022,非本人业务,陕西长银消费金融有限公司,8
2022,非本人业务,陕西长银消费金融有限公司,8
2022,非本人业务,陕西长银消费金融有限公司,8
2022,基本信息不准确,马上消费金融股份有限公司,3
2022,基本信息不准确,厦门金美信消费金融有限责任公司,25
2022,否认逾期,捷信消费金融有限公司,1
2022,否认逾期,马上消费金融股份有限公司,3
2022,否认逾期,招联消费金融股份有限公司,2
2022,否认逾期,马上消费金融股份有限公司,3
2022,否认逾期,马上消费金融股份有限公司,3
2022,非本人业务,马上消费金融股份有限公司,3
2022,否认逾期,中邮消费金融有限公司,4
2022,否认逾期,内蒙古蒙商消费金融股份有限公司,22
2022,欺诈,马上消费金融股份有限公司,3
2022,非本人业务,捷信消费金融有限公司,1
2022,基本信息不准确,兴业消费金融股份公司,9
2022,否认逾期,杭银消费金融股份有限公司,11
2022,基本信息不准确,陕西长银消费金融有限公司,8
2022,非本人业务,马上消费金融股份有限公司,3
2022,基本信息不准确,马上消费金融股份有限公司,3
2022,基本信息不准确,马上消费金融股份有限公司,3
2022,非本人业务,捷信消费金融有限公司,1
2022,非本人业务,捷信消费金融有限公司,1
2022,非本人业务,捷信消费金融有限公司,1
2022,非本人业务,捷信消费金融有限公司,1
2022,否认逾期,马上消费金融股份有限公司,3
2022,基本信息不准确,兴业消费金融股份公司,9
2022,否认逾期,捷信消费金融有限公司,1
2022,非本人业务,招联消费金融股份有限公司,2
2022,基本信息不准确,河南中原消费金融股份有限公司,7
2022,否认逾期,招联消费金融股份有限公司,2
2022,否认逾期,招联消费金融股份有限公司,2
2022,基本信息不准确,捷信消费金融有限公司,1
2022,否认逾期,招联消费金融股份有限公司,2
2022,否认逾期,招联消费金融股份有限公司,2
2022,否认逾期,招联消费金融股份有限公司,2
2022,否认逾期,招联消费金融股份有限公司,2
2022,否认逾期,招联消费金融股份有限公司,2
2022,否认逾期,招联消费金融股份有限公司,2
2022,账户状态有误,重庆小米消费金融有限公司,23
2022,否认逾期,招联消费金融股份有限公司,2
2022,基本信息不准确,兴业消费金融股份公司,9
2022,基本信息不准确,中信消费金融有限公司,21
2022,其他,陕西长银消费金融有限公司,8
2022,基本信息不准确,中邮消费金融有限公司,4
2022,否认逾期,招联消费金融股份有限公司,2
2022,否认逾期,海尔消费金融有限公司,5
2022,非本人业务,捷信消费金融有限公司,1
2022,基本信息不准确,晋商消费金融股份有限公司,10
2022,欺诈,捷信消费金融有限公司,1
2022,基本信息不准确,中邮消费金融有限公司,4
2022,基本信息不准确,中邮消费金融有限公司,4
2022,非本人业务,捷信消费金融有限公司,1
2022,非本人业务,捷信消费金融有限公司,1
2022,非本人业务,捷信消费金融有限公司,1
2022,非本人业务,马上消费金融股份有限公司,3
2022,非本人业务,马上消费金融股份有限公司,3
2022,账户状态有误,海尔消费金融有限公司,5
2022,非本人业务,招联消费金融股份有限公司,2
2022,非本人业务,招联消费金融股份有限公司,2
2022,其他,河南中原消费金融股份有限公司,7
2022,基本信息不准确,捷信消费金融有限公司,1
2022,非本人业务,招联消费金融股份有限公司,2
2022,基本信息不准确,南银法巴消费金融有限公司,19
2022,非本人业务,中银消费金融有限公司,6
2022,否认逾期,内蒙古蒙商消费金融股份有限公司,22
2022,否认逾期,招联消费金融股份有限公司,2
2022,否认逾期,招联消费金融股份有限公司,2
2022,基本信息不准确,中信消费金融有限公司,21
2022,非本人业务,马上消费金融股份有限公司,3
2022,否认逾期,招联消费金融股份有限公司,2
2022,否认逾期,招联消费金融股份有限公司,2
2022,否认逾期,招联消费金融股份有限公司,2
2022,基本信息不准确,兴业消费金融股份公司,9
2022,非本人业务,马上消费金融股份有限公司,3
2022,基本信息不准确,厦门金美信消费金融有限责任公司,25
2022,非本人业务,招联消费金融股份有限公司,2
2022,非本人业务,招联消费金融股份有限公司,2
2022,基本信息不准确,兴业消费金融股份公司,9
2022,基本信息不准确,兴业消费金融股份公司,9
2022,基本信息不准确,海尔消费金融有限公司,5
2022,基本信息不准确,河南中原消费金融股份有限公司,7
2022,基本信息不准确,杭银消费金融股份有限公司,11
2022,基本信息不准确,杭银消费金融股份有限公司,11
2022,其他,兴业消费金融股份公司,9
2022,基本信息不准确,兴业消费金融股份公司,9
2022,否认逾期,马上消费金融股份有限公司,3
2022,基本信息不准确,海尔消费金融有限公司,5
2022,基本信息不准确,陕西长银消费金融有限公司,8
2022,基本信息不准确,陕西长银消费金融有限公司,8
2022,账户状态有误,中银消费金融有限公司,6
2022,基本信息不准确,陕西长银消费金融有限公司,8
2022,否认逾期,杭银消费金融股份有限公司,11
2022,基本信息不准确,湖北消费金融股份有限公司,16
2022,否认逾期,马上消费金融股份有限公司,3
2022,否认逾期,马上消费金融股份有限公司,3
2022,非本人业务,杭银消费金融股份有限公司,11
2022,非本人业务,哈尔滨哈银消费金融有限责任公司,14
2022,否认逾期,招联消费金融股份有限公司,2
2022,否认逾期,哈尔滨哈银消费金融有限责任公司,14
2022,否认逾期,重庆蚂蚁消费金融有限公司,13
2022,基本信息不准确,陕西长银消费金融有限公司,8
2022,否认逾期,马上消费金融股份有限公司,3
2022,否认逾期,马上消费金融股份有限公司,3
2022,基本信息不准确,河南中原消费金融股份有限公司,7
2022,非本人业务,招联消费金融股份有限公司,2
2022,非本人业务,招联消费金融股份有限公司,2
2022,非本人业务,招联消费金融股份有限公司,2
2022,非本人业务,招联消费金融股份有限公司,2
2022,非本人业务,招联消费金融股份有限公司,2
2022,否认逾期,马上消费金融股份有限公司,3
2022,基本信息不准确,陕西长银消费金融有限公司,8
2022,否认逾期,哈尔滨哈银消费金融有限责任公司,14
2022,否认逾期,马上消费金融股份有限公司,3
2022,非本人业务,马上消费金融股份有限公司,3
2022,账户状态有误,海尔消费金融有限公司,5
2022,基本信息不准确,厦门金美信消费金融有限责任公司,25
2022,基本信息不准确,厦门金美信消费金融有限责任公司,25
2022,基本信息不准确,马上消费金融股份有限公司,3
2022,否认逾期,捷信消费金融有限公司,1
2022,基本信息不准确,马上消费金融股份有限公司,3
2022,否认逾期,马上消费金融股份有限公司,3
2022,否认逾期,招联消费金融股份有限公司,2
2022,非本人业务,马上消费金融股份有限公司,3
2022,基本信息不准确,哈尔滨哈银消费金融有限责任公司,14
2022,基本信息不准确,捷信消费金融有限公司,1
2022,否认逾期,晋商消费金融股份有限公司,10
2022,否认逾期,招联消费金融股份有限公司,2
2022,否认逾期,杭银消费金融股份有限公司,11
2022,否认逾期,杭银消费金融股份有限公司,11
2022,基本信息不准确,晋商消费金融股份有限公司,10
2022,非本人业务,马上消费金融股份有限公司,3
2022,否认逾期,河南中原消费金融股份有限公司,7
2022,非本人业务,马上消费金融股份有限公司,3
2022,基本信息不准确,捷信消费金融有限公司,1
2022,非本人业务,马上消费金融股份有限公司,3
2022,非本人业务,捷信消费金融有限公司,1
2022,基本信息不准确,马上消费金融股份有限公司,3
2022,基本信息不准确,河南中原消费金融股份有限公司,7
2022,非本人业务,捷信消费金融有限公司,1
2022,否认逾期,马上消费金融股份有限公司,3
2022,非本人业务,哈尔滨哈银消费金融有限责任公司,14
2022,否认逾期,哈尔滨哈银消费金融有限责任公司,14
2022,否认逾期,马上消费金融股份有限公司,3
2022,否认逾期,马上消费金融股份有限公司,3
2022,否认逾期,四川锦程消费金融有限责任公司,20
2022,否认逾期,招联消费金融股份有限公司,2
2022,否认逾期,招联消费金融股份有限公司,2
2022,否认逾期,招联消费金融股份有限公司,2
2022,否认逾期,招联消费金融股份有限公司,2
2022,否认逾期,招联消费金融股份有限公司,2
2022,否认逾期,招联消费金融股份有限公司,2
2022,否认逾期,招联消费金融股份有限公司,2
2022,否认逾期,招联消费金融股份有限公司,2
2022,否认逾期,招联消费金融股份有限公司,2
2022,非本人业务,马上消费金融股份有限公司,3
2022,基本信息不准确,捷信消费金融有限公司,1
2022,非本人业务,四川锦程消费金融有限责任公司,20
2022,基本信息不准确,兴业消费金融股份公司,9
2022,否认逾期,河南中原消费金融股份有限公司,7
2022,否认逾期,晋商消费金融股份有限公司,10
2022,基本信息不准确,兴业消费金融股份公司,9
2022,否认逾期,杭银消费金融股份有限公司,11
2022,基本信息不准确,捷信消费金融有限公司,1
2022,非本人业务,马上消费金融股份有限公司,3
2022,基本信息不准确,南银法巴消费金融有限公司,19
2022,否认逾期,兴业消费金融股份公司,9
2022,非本人业务,中银消费金融有限公司,6
2022,否认逾期,中邮消费金融有限公司,4
2022,非本人业务,中邮消费金融有限公司,4
2022,非本人业务,招联消费金融股份有限公司,2
2022,非本人业务,捷信消费金融有限公司,1
2022,非本人业务,马上消费金融股份有限公司,3
2022,非本人业务,马上消费金融股份有限公司,3
2022,否认逾期,招联消费金融股份有限公司,2
2022,基本信息不准确,陕西长银消费金融有限公司,8
2022,基本信息不准确,捷信消费金融有限公司,1
2022,非本人业务,招联消费金融股份有限公司,2
2022,否认逾期,捷信消费金融有限公司,1
2022,否认逾期,北银消费金融有限公司,15
2022,非本人业务,捷信消费金融有限公司,1
2022,基本信息不准确,捷信消费金融有限公司,1
2022,基本信息不准确,捷信消费金融有限公司,1
2022,非本人业务,捷信消费金融有限公司,1
2022,基本信息不准确,捷信消费金融有限公司,1
2022,基本信息不准确,河南中原消费金融股份有限公司,7
2022,非本人业务,捷信消费金融有限公司,1
2022,否认逾期,马上消费金融股份有限公司,3
2022,非本人业务,马上消费金融股份有限公司,3
2022,基本信息不准确,捷信消费金融有限公司,1
2022,非本人业务,中银消费金融有限公司,6
2022,基本信息不准确,捷信消费金融有限公司,1
2022,其他,四川锦程消费金融有限责任公司,20
2022,否认逾期,捷信消费金融有限公司,1
2022,基本信息不准确,河南中原消费金融股份有限公司,7
2022,基本信息不准确,河南中原消费金融股份有限公司,7
2022,非本人业务,招联消费金融股份有限公司,2
2022,否认逾期,杭银消费金融股份有限公司,11
2022,非本人业务,招联消费金融股份有限公司,2
2022,否认逾期,招联消费金融股份有限公司,2
2022,否认逾期,招联消费金融股份有限公司,2
2022,否认逾期,海尔消费金融有限公司,5
2022,基本信息不准确,捷信消费金融有限公司,1
2022,基本信息不准确,兴业消费金融股份公司,9
2022,否认逾期,陕西长银消费金融有限公司,8
2022,基本信息不准确,中信消费金融有限公司,21
2022,基本信息不准确,晋商消费金融股份有限公司,10
2022,基本信息不准确,中信消费金融有限公司,21
2022,基本信息不准确,兴业消费金融股份公司,9
2022,否认逾期,招联消费金融股份有限公司,2
2022,基本信息不准确,兴业消费金融股份公司,9
2022,基本信息不准确,兴业消费金融股份公司,9
2022,其他,马上消费金融股份有限公司,3
2022,基本信息不准确,捷信消费金融有限公司,1
2022,非本人业务,马上消费金融股份有限公司,3
2022,账户状态有误,南银法巴消费金融有限公司,19
2022,基本信息不准确,捷信消费金融有限公司,1
2022,基本信息不准确,河南中原消费金融股份有限公司,7
2022,否认逾期,杭银消费金融股份有限公司,11
2022,非本人业务,马上消费金融股份有限公司,3
2022,账户状态有误,招联消费金融股份有限公司,2
2022,否认逾期,马上消费金融股份有限公司,3
2022,基本信息不准确,中信消费金融有限公司,21
2022,账户状态有误,捷信消费金融有限公司,1
2022,基本信息不准确,捷信消费金融有限公司,1
2022,基本信息不准确,内蒙古蒙商消费金融股份有限公司,22
2022,基本信息不准确,兴业消费金融股份公司,9
2022,否认逾期,兴业消费金融股份公司,9
2022,基本信息不准确,捷信消费金融有限公司,1
2022,基本信息不准确,捷信消费金融有限公司,1
2022,非本人业务,捷信消费金融有限公司,1
2022,否认逾期,中邮消费金融有限公司,4
2022,基本信息不准确,河南中原消费金融股份有限公司,7
2022,基本信息不准确,兴业消费金融股份公司,9
2022,基本信息不准确,晋商消费金融股份有限公司,10
2022,否认逾期,招联消费金融股份有限公司,2
2022,基本信息不准确,海尔消费金融有限公司,5
2022,基本信息不准确,捷信消费金融有限公司,1
2022,基本信息不准确,中信消费金融有限公司,21
2022,否认逾期,杭银消费金融股份有限公司,11
2022,否认逾期,重庆蚂蚁消费金融有限公司,13
2022,账户状态有误,马上消费金融股份有限公司,3
2022,否认逾期,招联消费金融股份有限公司,2
2022,基本信息不准确,湖南长银五八消费金融股份有限公司,29
2022,账户状态有误,马上消费金融股份有限公司,3
2022,其他,海尔消费金融有限公司,5
2022,基本信息不准确,河南中原消费金融股份有限公司,7
2022,非本人业务,招联消费金融股份有限公司,2
2022,否认逾期,马上消费金融股份有限公司,3
2022,否认逾期,马上消费金融股份有限公司,3
2022,否认逾期,招联消费金融股份有限公司,2
2022,否认逾期,杭银消费金融股份有限公司,11
2022,基本信息不准确,捷信消费金融有限公司,1
2022,基本信息不准确,捷信消费金融有限公司,1
2022,基本信息不准确,中邮消费金融有限公司,4
2022,基本信息不准确,陕西长银消费金融有限公司,8
2022,基本信息不准确,捷信消费金融有限公司,1
2022,基本信息不准确,河南中原消费金融股份有限公司,7
2022,基本信息不准确,中邮消费金融有限公司,4
2022,否认逾期,招联消费金融股份有限公司,2
2022,基本信息不准确,捷信消费金融有限公司,1
2022,基本信息不准确,捷信消费金融有限公司,1
2022,基本信息不准确,中信消费金融有限公司,21
2022,非本人业务,捷信消费金融有限公司,1
2022,欺诈,马上消费金融股份有限公司,3
2022,基本信息不准确,晋商消费金融股份有限公司,10
2022,基本信息不准确,捷信消费金融有限公司,1
2022,否认逾期,捷信消费金融有限公司,1
2022,否认逾期,马上消费金融股份有限公司,3
2022,欺诈,马上消费金融股份有限公司,3
2022,否认逾期,重庆蚂蚁消费金融有限公司,13
2022,非本人业务,捷信消费金融有限公司,1
2022,否认逾期,南银法巴消费金融有限公司,19
2022,非本人业务,马上消费金融股份有限公司,3
2022,非本人业务,马上消费金融股份有限公司,3
2022,否认逾期,捷信消费金融有限公司,1
2022,否认逾期,捷信消费金融有限公司,1
2022,基本信息不准确,河南中原消费金融股份有限公司,7
2022,否认逾期,马上消费金融股份有限公司,3
2022,非本人业务,捷信消费金融有限公司,1
2022,否认逾期,招联消费金融股份有限公司,2
2022,否认逾期,南银法巴消费金融有限公司,19
2022,否认逾期,河南中原消费金融股份有限公司,7
2022,欺诈,马上消费金融股份有限公司,3
2022,非本人业务,马上消费金融股份有限公司,3
2022,非本人业务,招联消费金融股份有限公司,2
2022,非本人业务,招联消费金融股份有限公司,2
2022,非本人业务,招联消费金融股份有限公司,2
2022,非本人业务,招联消费金融股份有限公司,2
2022,非本人业务,招联消费金融股份有限公司,2
2022,非本人业务,招联消费金融股份有限公司,2
2022,基本信息不准确,捷信消费金融有限公司,1
2022,基本信息不准确,捷信消费金融有限公司,1
2022,基本信息不准确,中信消费金融有限公司,21
2022,基本信息不准确,中信消费金融有限公司,21
2022,否认逾期,中邮消费金融有限公司,4
2022,否认逾期,中邮消费金融有限公司,4
2022,否认逾期,捷信消费金融有限公司,1
2022,基本信息不准确,捷信消费金融有限公司,1
2022,基本信息不准确,捷信消费金融有限公司,1
2022,基本信息不准确,中邮消费金融有限公司,4
2022,基本信息不准确,内蒙古蒙商消费金融股份有限公司,22
2022,基本信息不准确,内蒙古蒙商消费金融股份有限公司,22
2022,基本信息不准确,内蒙古蒙商消费金融股份有限公司,22
2022,基本信息不准确,中信消费金融有限公司,21
2022,否认逾期,四川锦程消费金融有限责任公司,20
2022,否认逾期,河南中原消费金融股份有限公司,7
2022,基本信息不准确,马上消费金融股份有限公司,3
2022,否认逾期,海尔消费金融有限公司,5
2022,基本信息不准确,捷信消费金融有限公司,1
2022,否认逾期,陕西长银消费金融有限公司,8
2022,基本信息不准确,捷信消费金融有限公司,1
2022,否认逾期,招联消费金融股份有限公司,2
2022,否认逾期,海尔消费金融有限公司,5
2022,否认逾期,招联消费金融股份有限公司,2
2022,否认逾期,招联消费金融股份有限公司,2
2022,否认逾期,海尔消费金融有限公司,5
2022,否认逾期,招联消费金融股份有限公司,2
2022,否认逾期,招联消费金融股份有限公司,2
2022,否认逾期,招联消费金融股份有限公司,2
2022,否认逾期,招联消费金融股份有限公司,2
2022,否认逾期,招联消费金融股份有限公司,2
2022,否认逾期,招联消费金融股份有限公司,2
2022,否认逾期,招联消费金融股份有限公司,2
2022,账户状态有误,马上消费金融股份有限公司,3
2022,基本信息不准确,兴业消费金融股份公司,9
2022,非本人业务,招联消费金融股份有限公司,2
2022,欺诈,马上消费金融股份有限公司,3
2022,否认逾期,招联消费金融股份有限公司,2
2022,否认逾期,捷信消费金融有限公司,1
2022,否认逾期,捷信消费金融有限公司,1
2022,欺诈,马上消费金融股份有限公司,3
2022,否认逾期,马上消费金融股份有限公司,3
2022,基本信息不准确,捷信消费金融有限公司,1
2022,基本信息不准确,内蒙古蒙商消费金融股份有限公司,22
2022,代偿,四川锦程消费金融有限责任公司,20
2022,否认逾期,内蒙古蒙商消费金融股份有限公司,22
2022,基本信息不准确,兴业消费金融股份公司,9
2022,账户状态有误,捷信消费金融有限公司,1
2022,非本人业务,中信消费金融有限公司,21
2022,基本信息不准确,海尔消费金融有限公司,5
2022,非本人业务,中信消费金融有限公司,21
2022,否认逾期,四川锦程消费金融有限责任公司,20
2022,非本人业务,招联消费金融股份有限公司,2
2022,否认逾期,哈尔滨哈银消费金融有限责任公司,14
2022,否认逾期,中邮消费金融有限公司,4
2022,否认逾期,捷信消费金融有限公司,1
2022,非本人业务,招联消费金融股份有限公司,2
2022,否认逾期,河南中原消费金融股份有限公司,7
2022,非本人业务,捷信消费金融有限公司,1
2022,否认逾期,马上消费金融股份有限公司,3
2022,否认逾期,马上消费金融股份有限公司,3
2022,否认逾期,捷信消费金融有限公司,1
2022,否认逾期,招联消费金融股份有限公司,2
2022,基本信息不准确,捷信消费金融有限公司,1
2022,否认逾期,马上消费金融股份有限公司,3
2022,基本信息不准确,海尔消费金融有限公司,5
2022,非本人业务,马上消费金融股份有限公司,3
2022,否认逾期,招联消费金融股份有限公司,2
2022,否认逾期,马上消费金融股份有限公司,3
2022,否认逾期,招联消费金融股份有限公司,2
2022,否认逾期,招联消费金融股份有限公司,2
2022,否认逾期,招联消费金融股份有限公司,2
2022,否认逾期,招联消费金融股份有限公司,2
2022,否认逾期,招联消费金融股份有限公司,2
2022,否认逾期,招联消费金融股份有限公司,2
2022,否认逾期,招联消费金融股份有限公司,2
2022,否认逾期,招联消费金融股份有限公司,2
2022,否认逾期,招联消费金融股份有限公司,2
2022,否认逾期,招联消费金融股份有限公司,2
2022,基本信息不准确,捷信消费金融有限公司,1
2022,欺诈,马上消费金融股份有限公司,3
2022,代偿,厦门金美信消费金融有限责任公司,25
2022,代偿,厦门金美信消费金融有限责任公司,25
2022,基本信息不准确,捷信消费金融有限公司,1
2022,非本人业务,上海尚诚消费金融股份有限公司,17
2022,基本信息不准确,中银消费金融有限公司,6
2022,否认逾期,湖南长银五八消费金融股份有限公司,29
2022,否认逾期,湖南长银五八消费金融股份有限公司,29
2022,基本信息不准确,海尔消费金融有限公司,5
2022,否认逾期,马上消费金融股份有限公司,3
2022,基本信息不准确,中银消费金融有限公司,6
2022,否认逾期,晋商消费金融股份有限公司,10
2022,否认逾期,晋商消费金融股份有限公司,10
2022,基本信息不准确,捷信消费金融有限公司,1
2022,基本信息不准确,兴业消费金融股份公司,9
2022,基本信息不准确,兴业消费金融股份公司,9
2022,非本人业务,招联消费金融股份有限公司,2
2022,基本信息不准确,兴业消费金融股份公司,9
2022,否认逾期,湖北消费金融股份有限公司,16
2022,否认逾期,马上消费金融股份有限公司,3
2022,非本人业务,招联消费金融股份有限公司,2
2022,非本人业务,招联消费金融股份有限公司,2
2022,非本人业务,招联消费金融股份有限公司,2
2022,非本人业务,招联消费金融股份有限公司,2
2022,否认逾期,招联消费金融股份有限公司,2
2022,基本信息不准确,海尔消费金融有限公司,5
2022,否认逾期,河南中原消费金融股份有限公司,7
2022,否认逾期,中邮消费金融有限公司,4
2022,非本人业务,马上消费金融股份有限公司,3
2022,否认逾期,兴业消费金融股份公司,9
2022,否认逾期,南银法巴消费金融有限公司,19
2022,账户状态有误,海尔消费金融有限公司,5
2022,账户状态有误,海尔消费金融有限公司,5
2022,基本信息不准确,哈尔滨哈银消费金融有限责任公司,14
2022,非本人业务,厦门金美信消费金融有限责任公司,25
2022,非本人业务,马上消费金融股份有限公司,3
2022,非本人业务,捷信消费金融有限公司,1
2022,基本信息不准确,中邮消费金融有限公司,4
2022,基本信息不准确,马上消费金融股份有限公司,3
2022,非本人业务,马上消费金融股份有限公司,3
2022,非本人业务,马上消费金融股份有限公司,3
2022,基本信息不准确,兴业消费金融股份公司,9
2022,基本信息不准确,兴业消费金融股份公司,9
2022,非本人业务,捷信消费金融有限公司,1
2022,非本人业务,捷信消费金融有限公司,1
2022,基本信息不准确,捷信消费金融有限公司,1
2022,基本信息不准确,捷信消费金融有限公司,1
2022,非本人业务,捷信消费金融有限公司,1
2022,其他,河北幸福消费金融股份有限公司,12
2022,基本信息不准确,捷信消费金融有限公司,1
2022,代偿,四川锦程消费金融有限责任公司,20
2022,基本信息不准确,中信消费金融有限公司,21
2022,否认逾期,杭银消费金融股份有限公司,11
2022,非本人业务,捷信消费金融有限公司,1
2022,基本信息不准确,兴业消费金融股份公司,9
2022,非本人业务,捷信消费金融有限公司,1
2022,基本信息不准确,河南中原消费金融股份有限公司,7
2022,否认逾期,海尔消费金融有限公司,5
2022,否认逾期,中银消费金融有限公司,6
2022,否认逾期,招联消费金融股份有限公司,2
2022,否认逾期,招联消费金融股份有限公司,2
2022,否认逾期,陕西长银消费金融有限公司,8
2022,基本信息不准确,中邮消费金融有限公司,4
2022,否认逾期,中邮消费金融有限公司,4
2022,账户状态有误,北京阳光消费金融股份有限公司,26
2022,否认逾期,招联消费金融股份有限公司,2
2022,非本人业务,马上消费金融股份有限公司,3
2022,否认逾期,马上消费金融股份有限公司,3
2022,账户状态有误,招联消费金融股份有限公司,2
2022,非本人业务,捷信消费金融有限公司,1
2022,基本信息不准确,捷信消费金融有限公司,1
2022,否认逾期,中邮消费金融有限公司,4
2022,基本信息不准确,湖北消费金融股份有限公司,16
2022,基本信息不准确,兴业消费金融股份公司,9
2022,基本信息不准确,兴业消费金融股份公司,9
2022,基本信息不准确,捷信消费金融有限公司,1
2022,非本人业务,马上消费金融股份有限公司,3
2022,基本信息不准确,兴业消费金融股份公司,9
2022,非本人业务,捷信消费金融有限公司,1
2022,基本信息不准确,捷信消费金融有限公司,1
2022,非本人业务,捷信消费金融有限公司,1
2022,否认逾期,捷信消费金融有限公司,1
2022,否认逾期,马上消费金融股份有限公司,3
2022,基本信息不准确,捷信消费金融有限公司,1
2022,否认逾期,重庆蚂蚁消费金融有限公司,13
2022,基本信息不准确,晋商消费金融股份有限公司,10
2022,非本人业务,捷信消费金融有限公司,1
2022,非本人业务,捷信消费金融有限公司,1
2022,非本人业务,捷信消费金融有限公司,1
2022,非本人业务,捷信消费金融有限公司,1
2022,非本人业务,马上消费金融股份有限公司,3
2022,账户状态有误,北京阳光消费金融股份有限公司,26
2022,账户状态有误,南银法巴消费金融有限公司,19
2022,非本人业务,捷信消费金融有限公司,1
2022,账户状态有误,北京阳光消费金融股份有限公司,26
2022,非本人业务,招联消费金融股份有限公司,2
2022,否认逾期,招联消费金融股份有限公司,2
2022,欺诈,马上消费金融股份有限公司,3
2022,否认逾期,中邮消费金融有限公司,4
2022,基本信息不准确,中银消费金融有限公司,6
2022,基本信息不准确,中信消费金融有限公司,21
2022,否认逾期,招联消费金融股份有限公司,2
2022,否认逾期,招联消费金融股份有限公司,2
2022,非本人业务,招联消费金融股份有限公司,2
2022,基本信息不准确,苏银凯基消费金融有限公司,28
2022,非本人业务,马上消费金融股份有限公司,3
2022,否认逾期,马上消费金融股份有限公司,3
2022,非本人业务,捷信消费金融有限公司,1
2022,非本人业务,南银法巴消费金融有限公司,19
2022,非本人业务,南银法巴消费金融有限公司,19
2022,否认逾期,马上消费金融股份有限公司,3
2022,否认逾期,马上消费金融股份有限公司,3
2022,否认逾期,中邮消费金融有限公司,4
2022,代偿,南银法巴消费金融有限公司,19
2022,基本信息不准确,捷信消费金融有限公司,1
2022,非本人业务,马上消费金融股份有限公司,3
2022,否认逾期,中邮消费金融有限公司,4
2022,否认逾期,海尔消费金融有限公司,5
2022,否认逾期,招联消费金融股份有限公司,2
2022,否认逾期,海尔消费金融有限公司,5
2022,其他,北京阳光消费金融股份有限公司,26
2022,否认逾期,招联消费金融股份有限公司,2
2022,基本信息不准确,海尔消费金融有限公司,5
2022,否认逾期,马上消费金融股份有限公司,3
2022,否认逾期,马上消费金融股份有限公司,3
2022,否认逾期,马上消费金融股份有限公司,3
2022,否认逾期,马上消费金融股份有限公司,3
2022,基本信息不准确,捷信消费金融有限公司,1
2022,基本信息不准确,捷信消费金融有限公司,1
2022,否认逾期,马上消费金融股份有限公司,3
2022,非本人业务,南银法巴消费金融有限公司,19
2022,否认逾期,中邮消费金融有限公司,4
2022,否认逾期,马上消费金融股份有限公司,3
2022,基本信息不准确,捷信消费金融有限公司,1
2022,基本信息不准确,捷信消费金融有限公司,1
2022,否认逾期,马上消费金融股份有限公司,3
2022,账户状态有误,南银法巴消费金融有限公司,19
2022,基本信息不准确,马上消费金融股份有限公司,3
2022,账户状态有误,招联消费金融股份有限公司,2
2022,基本信息不准确,内蒙古蒙商消费金融股份有限公司,22
2022,非本人业务,马上消费金融股份有限公司,3
2022,非本人业务,马上消费金融股份有限公司,3
2022,非本人业务,马上消费金融股份有限公司,3
2022,否认逾期,马上消费金融股份有限公司,3
2022,基本信息不准确,兴业消费金融股份公司,9
2022,代偿,四川锦程消费金融有限责任公司,20
2022,基本信息不准确,兴业消费金融股份公司,9
2022,非本人业务,马上消费金融股份有限公司,3
2022,否认逾期,陕西长银消费金融有限公司,8
2022,否认逾期,陕西长银消费金融有限公司,8
2022,基本信息不准确,捷信消费金融有限公司,1
2022,否认逾期,河南中原消费金融股份有限公司,7
2022,基本信息不准确,中邮消费金融有限公司,4
2022,非本人业务,厦门金美信消费金融有限责任公司,25
2022,基本信息不准确,中邮消费金融有限公司,4
2022,基本信息不准确,厦门金美信消费金融有限责任公司,25
2022,基本信息不准确,厦门金美信消费金融有限责任公司,25
2022,基本信息不准确,厦门金美信消费金融有限责任公司,25
2023,否认逾期,招联消费金融股份有限公司,2
2023,否认逾期,马上消费金融股份有限公司,3
2023,否认逾期,中邮消费金融有限公司,4
2023,基本信息不准确,陕西长银消费金融有限公司,8
2023,否认逾期,中邮消费金融有限公司,4
2023,否认逾期,马上消费金融股份有限公司,3
2023,否认逾期,重庆蚂蚁消费金融有限公司,13
2023,基本信息不准确,捷信消费金融有限公司,1
2023,否认逾期,马上消费金融股份有限公司,3
2023,否认逾期,马上消费金融股份有限公司,3
2023,否认逾期,马上消费金融股份有限公司,3
2023,账户状态有误,北京阳光消费金融股份有限公司,26
2023,基本信息不准确,捷信消费金融有限公司,1
2023,基本信息不准确,捷信消费金融有限公司,1
2023,否认逾期,重庆蚂蚁消费金融有限公司,13
2023,否认逾期,招联消费金融股份有限公司,2
2023,非本人业务,马上消费金融股份有限公司,3
2023,非本人业务,捷信消费金融有限公司,1
2023,否认逾期,兴业消费金融股份公司,9
2023,非本人业务,捷信消费金融有限公司,1
2023,基本信息不准确,河南中原消费金融股份有限公司,7
2023,基本信息不准确,捷信消费金融有限公司,1
2023,否认逾期,海尔消费金融有限公司,5
2023,基本信息不准确,捷信消费金融有限公司,1
2023,基本信息不准确,捷信消费金融有限公司,1
2023,代偿,南银法巴消费金融有限公司,19
2023,非本人业务,马上消费金融股份有限公司,3
2023,基本信息不准确,河南中原消费金融股份有限公司,7
2023,基本信息不准确,河南中原消费金融股份有限公司,7
2023,非本人业务,马上消费金融股份有限公司,3
2023,基本信息不准确,捷信消费金融有限公司,1
2023,否认逾期,马上消费金融股份有限公司,3
2023,非本人业务,马上消费金融股份有限公司,3
2023,基本信息不准确,捷信消费金融有限公司,1
2023,否认逾期,中信消费金融有限公司,21
2023,非本人业务,马上消费金融股份有限公司,3
2023,否认逾期,捷信消费金融有限公司,1
2023,否认逾期,马上消费金融股份有限公司,3
2023,否认逾期,马上消费金融股份有限公司,3
2023,否认逾期,招联消费金融股份有限公司,2
2023,基本信息不准确,河南中原消费金融股份有限公司,7
2023,否认逾期,中邮消费金融有限公司,4
2023,基本信息不准确,河南中原消费金融股份有限公司,7
2023,基本信息不准确,中信消费金融有限公司,21
2023,否认逾期,中邮消费金融有限公司,4
2023,基本信息不准确,捷信消费金融有限公司,1
2023,否认逾期,陕西长银消费金融有限公司,8
2023,代偿,四川锦程消费金融有限责任公司,20
2023,否认逾期,海尔消费金融有限公司,5
2023,基本信息不准确,河南中原消费金融股份有限公司,7
2023,基本信息不准确,招联消费金融股份有限公司,2
2023,否认逾期,重庆蚂蚁消费金融有限公司,13
2023,基本信息不准确,兴业消费金融股份公司,9
2023,基本信息不准确,兴业消费金融股份公司,9
2023,否认逾期,杭银消费金融股份有限公司,11
2023,否认逾期,兴业消费金融股份公司,9
2023,否认逾期,中邮消费金融有限公司,4
2023,基本信息不准确,捷信消费金融有限公司,1
2023,非本人业务,捷信消费金融有限公司,1
2023,否认逾期,中邮消费金融有限公司,4
2023,否认逾期,杭银消费金融股份有限公司,11
2023,否认逾期,捷信消费金融有限公司,1
2023,非本人业务,捷信消费金融有限公司,1
2023,基本信息不准确,兴业消费金融股份公司,9
2023,基本信息不准确,中信消费金融有限公司,21
2023,非本人业务,捷信消费金融有限公司,1
2023,基本信息不准确,捷信消费金融有限公司,1
2023,否认逾期,四川锦程消费金融有限责任公司,20
2023,基本信息不准确,湖南长银五八消费金融股份有限公司,29
2023,基本信息不准确,北京阳光消费金融股份有限公司,26
2023,基本信息不准确,捷信消费金融有限公司,1
2023,基本信息不准确,捷信消费金融有限公司,1
2023,基本信息不准确,捷信消费金融有限公司,1
2023,基本信息不准确,捷信消费金融有限公司,1
2023,基本信息不准确,捷信消费金融有限公司,1
2023,基本信息不准确,捷信消费金融有限公司,1
2023,基本信息不准确,捷信消费金融有限公司,1
2023,否认逾期,杭银消费金融股份有限公司,11
2023,非本人业务,捷信消费金融有限公司,1
2023,否认逾期,海尔消费金融有限公司,5
2023,非本人业务,招联消费金融股份有限公司,2
2023,否认逾期,招联消费金融股份有限公司,2
2023,基本信息不准确,中信消费金融有限公司,21
2023,否认逾期,马上消费金融股份有限公司,3
2023,基本信息不准确,兴业消费金融股份公司,9
2023,非本人业务,马上消费金融股份有限公司,3
2023,账户状态有误,内蒙古蒙商消费金融股份有限公司,22
2023,非本人业务,招联消费金融股份有限公司,2
2023,否认逾期,中银消费金融有限公司,6
2023,否认逾期,重庆蚂蚁消费金融有限公司,13
2023,非本人业务,马上消费金融股份有限公司,3
2023,否认逾期,杭银消费金融股份有限公司,11
2023,基本信息不准确,海尔消费金融有限公司,5
2023,账户状态有误,马上消费金融股份有限公司,3
2023,非本人业务,捷信消费金融有限公司,1
2023,否认逾期,重庆蚂蚁消费金融有限公司,13
2023,代偿,盛银消费金融有限公司,24
2023,否认逾期,捷信消费金融有限公司,1
2023,基本信息不准确,捷信消费金融有限公司,1
2023,否认逾期,中邮消费金融有限公司,4
2023,非本人业务,捷信消费金融有限公司,1
2023,基本信息不准确,马上消费金融股份有限公司,3
2023,否认逾期,杭银消费金融股份有限公司,11
2023,否认逾期,兴业消费金融股份公司,9
2023,非本人业务,捷信消费金融有限公司,1
2023,否认逾期,马上消费金融股份有限公司,3
2023,基本信息不准确,海尔消费金融有限公司,5
2023,否认逾期,捷信消费金融有限公司,1
2023,非本人业务,捷信消费金融有限公司,1
2023,否认逾期,陕西长银消费金融有限公司,8
2023,非本人业务,四川锦程消费金融有限责任公司,20
2023,基本信息不准确,捷信消费金融有限公司,1
2023,非本人业务,捷信消费金融有限公司,1
2023,否认逾期,河南中原消费金融股份有限公司,7
2023,否认逾期,马上消费金融股份有限公司,3
2023,否认逾期,中邮消费金融有限公司,4
2023,非本人业务,捷信消费金融有限公司,1
2023,基本信息不准确,捷信消费金融有限公司,1
2023,基本信息不准确,兴业消费金融股份公司,9
2023,基本信息不准确,捷信消费金融有限公司,1
2023,基本信息不准确,捷信消费金融有限公司,1
2023,基本信息不准确,捷信消费金融有限公司,1
2023,代偿,南银法巴消费金融有限公司,19
2023,非本人业务,上海尚诚消费金融股份有限公司,17
2023,否认逾期,招联消费金融股份有限公司,2
2023,否认逾期,招联消费金融股份有限公司,2
2023,否认逾期,招联消费金融股份有限公司,2
2023,基本信息不准确,捷信消费金融有限公司,1
2023,非本人业务,招联消费金融股份有限公司,2
2023,否认逾期,中银消费金融有限公司,6
2023,否认逾期,马上消费金融股份有限公司,3
2023,否认逾期,河南中原消费金融股份有限公司,7
2023,否认逾期,中邮消费金融有限公司,4
2023,基本信息不准确,捷信消费金融有限公司,1
2023,基本信息不准确,兴业消费金融股份公司,9
2023,基本信息不准确,兴业消费金融股份公司,9
2023,基本信息不准确,兴业消费金融股份公司,9
2023,基本信息不准确,兴业消费金融股份公司,9
2023,非本人业务,捷信消费金融有限公司,1
2023,非本人业务,捷信消费金融有限公司,1
2023,基本信息不准确,捷信消费金融有限公司,1
2023,基本信息不准确,捷信消费金融有限公司,1
2023,非本人业务,捷信消费金融有限公司,1
2023,基本信息不准确,捷信消费金融有限公司,1
2023,基本信息不准确,捷信消费金融有限公司,1
2023,代偿,厦门金美信消费金融有限责任公司,25
2023,非本人业务,招联消费金融股份有限公司,2
2023,欺诈,捷信消费金融有限公司,1
2023,欺诈,马上消费金融股份有限公司,3
2023,基本信息不准确,中信消费金融有限公司,21
2023,基本信息不准确,捷信消费金融有限公司,1
2023,否认逾期,杭银消费金融股份有限公司,11
2023,非本人业务,招联消费金融股份有限公司,2
2023,基本信息不准确,捷信消费金融有限公司,1
2023,基本信息不准确,捷信消费金融有限公司,1
2023,非本人业务,马上消费金融股份有限公司,3
2023,非本人业务,马上消费金融股份有限公司,3
2023,非本人业务,捷信消费金融有限公司,1
2023,否认逾期,四川锦程消费金融有限责任公司,20
2023,否认逾期,捷信消费金融有限公司,1
2023,非本人业务,招联消费金融股份有限公司,2
2023,否认逾期,马上消费金融股份有限公司,3
2023,非本人业务,捷信消费金融有限公司,1
2023,基本信息不准确,捷信消费金融有限公司,1
2023,非本人业务,捷信消费金融有限公司,1
2023,否认逾期,捷信消费金融有限公司,1
2023,否认逾期,苏银凯基消费金融有限公司,28
2023,基本信息不准确,捷信消费金融有限公司,1
2023,基本信息不准确,捷信消费金融有限公司,1
2023,基本信息不准确,捷信消费金融有限公司,1
2023,否认逾期,盛银消费金融有限公司,24
2023,否认逾期,招联消费金融股份有限公司,2
2023,否认逾期,招联消费金融股份有限公司,2
2023,否认逾期,招联消费金融股份有限公司,2
2023,基本信息不准确,马上消费金融股份有限公司,3
2023,非本人业务,招联消费金融股份有限公司,2
2023,基本信息不准确,兴业消费金融股份公司,9
2023,非本人业务,招联消费金融股份有限公司,2
2023,否认逾期,招联消费金融股份有限公司,2
2023,代偿,北京阳光消费金融股份有限公司,26
2023,否认逾期,中银消费金融有限公司,6
2023,账户状态有误,捷信消费金融有限公司,1
2023,非本人业务,马上消费金融股份有限公司,3
2023,非本人业务,捷信消费金融有限公司,1
2023,非本人业务,捷信消费金融有限公司,1
2023,否认逾期,招联消费金融股份有限公司,2
2023,否认逾期,马上消费金融股份有限公司,3
2023,非本人业务,马上消费金融股份有限公司,3
2023,否认逾期,招联消费金融股份有限公司,2
2023,否认逾期,招联消费金融股份有限公司,2
2023,否认逾期,招联消费金融股份有限公司,2
2023,基本信息不准确,兴业消费金融股份公司,9
2023,非本人业务,捷信消费金融有限公司,1
2023,非本人业务,招联消费金融股份有限公司,2
2023,否认逾期,海尔消费金融有限公司,5
2023,否认逾期,海尔消费金融有限公司,5
2023,代偿,四川锦程消费金融有限责任公司,20
2023,非本人业务,招联消费金融股份有限公司,2
2023,非本人业务,招联消费金融股份有限公司,2
2023,基本信息不准确,兴业消费金融股份公司,2
2023,非本人业务,兴业消费金融股份公司,2
2023,非本人业务,兴业消费金融股份公司,2
2023,非本人业务,兴业消费金融股份公司,2
2023,非本人业务,兴业消费金融股份公司,2
2023,非本人业务,兴业消费金融股份公司,2
2023,非本人业务,兴业消费金融股份公司,2
2023,非本人业务,兴业消费金融股份公司,2
2023,非本人业务,兴业消费金融股份公司,2
2023,非本人业务,兴业消费金融股份公司,2
2023,非本人业务,兴业消费金融股份公司,2
2023,非本人业务,兴业消费金融股份公司,2
2023,非本人业务,兴业消费金融股份公司,2
2023,非本人业务,马上消费金融股份有限公司,2
2023,非本人业务,马上消费金融股份有限公司,2
2023,否认逾期,马上消费金融股份有限公司,2
2023,否认逾期,招联消费金融股份有限公司,2
2023,否认逾期,马上消费金融股份有限公司,2
2023,否认逾期,马上消费金融股份有限公司,2
2023,否认逾期,捷信消费金融有限公司,2
2023,否认逾期,捷信消费金融有限公司,2
2023,非本人业务,捷信消费金融有限公司,2
2023,基本信息不准确,中邮消费金融有限公司,2
2023,否认逾期,捷信消费金融有限公司,2
2023,欺诈,招联消费金融股份有限公司,2
2023,基本信息不准确,海尔消费金融有限公司,2
2023,否认逾期,兴业消费金融股份公司,2
2023,否认逾期,捷信消费金融有限公司,2
2023,基本信息不准确,捷信消费金融有限公司,2
2023,非本人业务,马上消费金融股份有限公司,2
2023,否认逾期,捷信消费金融有限公司,2
2023,否认逾期,捷信消费金融有限公司,2
2023,否认逾期,招联消费金融股份有限公司,2
2023,否认逾期,晋商消费金融股份有限公司,2
2023,非本人业务,马上消费金融股份有限公司,2
2023,基本信息不准确,捷信消费金融有限公司,2
2023,否认逾期,四川锦程消费金融有限责任公司,2
2023,否认逾期,四川锦程消费金融有限责任公司,2
2023,非本人业务,杭银消费金融股份有限公司,2
2023,基本信息不准确,海尔消费金融有限公司,2
2023,代偿,中信消费金融有限公司,2
2023,代偿,中信消费金融有限公司,2
2023,否认逾期,招联消费金融股份有限公司,2
2023,否认逾期,杭银消费金融股份有限公司,2
2023,否认逾期,河南中原消费金融股份有限公司,2
2023,非本人业务,捷信消费金融有限公司,2
2023,否认逾期,马上消费金融股份有限公司,2
2023,否认逾期,四川锦程消费金融有限责任公司,2
2023,否认逾期,捷信消费金融有限公司,2
2023,基本信息不准确,捷信消费金融有限公司,2
2023,非本人业务,河南中原消费金融股份有限公司,2
2023,代偿,南银法巴消费金融有限公司,2
2023,否认逾期,马上消费金融股份有限公司,2
2023,否认逾期,马上消费金融股份有限公司,2
2023,否认逾期,马上消费金融股份有限公司,2
2023,否认逾期,马上消费金融股份有限公司,2
2023,基本信息不准确,捷信消费金融有限公司,2
2023,基本信息不准确,捷信消费金融有限公司,2
2023,否认逾期,马上消费金融股份有限公司,2
2023,否认逾期,兴业消费金融股份公司,2
2023,基本信息不准确,海尔消费金融有限公司,2
2023,否认逾期,重庆蚂蚁消费金融有限公司,2
2023,非本人业务,捷信消费金融有限公司,2
2023,基本信息不准确,捷信消费金融有限公司,2
2023,否认逾期,中信消费金融有限公司,2
2023,否认逾期,杭银消费金融股份有限公司,2
2023,代偿,南银法巴消费金融有限公司,2
2023,否认逾期,陕西长银消费金融有限公司,2
2023,否认逾期,陕西长银消费金融有限公司,2
2023,否认逾期,杭银消费金融股份有限公司,2
2023,基本信息不准确,中信消费金融有限公司,2
2023,否认逾期,马上消费金融股份有限公司,2
2023,否认逾期,招联消费金融股份有限公司,2
2023,否认逾期,晋商消费金融股份有限公司,2
2023,欺诈,马上消费金融股份有限公司,2
2023,否认逾期,中银消费金融有限公司,2
2023,非本人业务,捷信消费金融有限公司,2
2023,否认逾期,兴业消费金融股份公司,2
2023,否认逾期,捷信消费金融有限公司,2
2023,基本信息不准确,捷信消费金融有限公司,2
2023,非本人业务,捷信消费金融有限公司,2
2023,基本信息不准确,捷信消费金融有限公司,2
2023,基本信息不准确,捷信消费金融有限公司,2
2023,否认逾期,兴业消费金融股份公司,2
2023,否认逾期,捷信消费金融有限公司,2
2023,否认逾期,捷信消费金融有限公司,2
2023,非本人业务,捷信消费金融有限公司,2
2023,否认逾期,厦门金美信消费金融有限责任公司,2
2023,否认逾期,捷信消费金融有限公司,2
2023,否认逾期,捷信消费金融有限公司,2
2023,非本人业务,马上消费金融股份有限公司,2
2023,否认逾期,捷信消费金融有限公司,2
2023,否认逾期,晋商消费金融股份有限公司,2
2023,非本人业务,陕西长银消费金融有限公司,2
2023,非本人业务,陕西长银消费金融有限公司,2
2023,否认逾期,捷信消费金融有限公司,2
2023,基本信息不准确,厦门金美信消费金融有限责任公司,2
2023,非本人业务,捷信消费金融有限公司,2
2023,否认逾期,四川锦程消费金融有限责任公司,2
2023,基本信息不准确,中信消费金融有限公司,2
2023,非本人业务,捷信消费金融有限公司,2
2023,基本信息不准确,捷信消费金融有限公司,2
2023,否认逾期,马上消费金融股份有限公司,2
2023,否认逾期,马上消费金融股份有限公司,2
2023,非本人业务,捷信消费金融有限公司,2
2023,非本人业务,捷信消费金融有限公司,2
2023,非本人业务,捷信消费金融有限公司,2
2023,非本人业务,捷信消费金融有限公司,2
2023,非本人业务,捷信消费金融有限公司,2
2023,基本信息不准确,中信消费金融有限公司,2
2023,非本人业务,马上消费金融股份有限公司,2
2023,非本人业务,捷信消费金融有限公司,2
2023,基本信息不准确,中邮消费金融有限公司,2
2023,基本信息不准确,捷信消费金融有限公司,2
2023,基本信息不准确,捷信消费金融有限公司,2
2023,账户状态有误,海尔消费金融有限公司,2
2023,否认逾期,捷信消费金融有限公司,2
2023,否认逾期,海尔消费金融有限公司,2
2023,否认逾期,捷信消费金融有限公司,2
2023,基本信息不准确,海尔消费金融有限公司,2
2023,基本信息不准确,海尔消费金融有限公司,2
2023,否认逾期,招联消费金融股份有限公司,2
2023,否认逾期,海尔消费金融有限公司,2
2023,非本人业务,捷信消费金融有限公司,2
2023,基本信息不准确,捷信消费金融有限公司,2
2023,基本信息不准确,捷信消费金融有限公司,2
2023,基本信息不准确,捷信消费金融有限公司,2
2023,基本信息不准确,捷信消费金融有限公司,2
2023,账户状态有误,捷信消费金融有限公司,2
2023,基本信息不准确,捷信消费金融有限公司,2
2023,欺诈,马上消费金融股份有限公司,2
2023,欺诈,招联消费金融股份有限公司,2
2023,非本人业务,捷信消费金融有限公司,2
2023,基本信息不准确,陕西长银消费金融有限公司,2
2023,基本信息不准确,捷信消费金融有限公司,2
2023,非本人业务,马上消费金融股份有限公司,2
2023,否认逾期,杭银消费金融股份有限公司,2
2023,否认逾期,苏银凯基消费金融有限公司,2
2023,基本信息不准确,海尔消费金融有限公司,2
2023,否认逾期,海尔消费金融有限公司,2
2023,账户状态有误,招联消费金融股份有限公司,2
2023,否认逾期,招联消费金融股份有限公司,2
2023,非本人业务,捷信消费金融有限公司,2
2023,基本信息不准确,陕西长银消费金融有限公司,2
2023,非本人业务,捷信消费金融有限公司,2
2023,否认逾期,捷信消费金融有限公司,2
2023,基本信息不准确,捷信消费金融有限公司,2
2023,基本信息不准确,捷信消费金融有限公司,2
2023,基本信息不准确,捷信消费金融有限公司,2
2023,否认逾期,招联消费金融股份有限公司,2
2023,否认逾期,招联消费金融股份有限公司,2
2023,基本信息不准确,捷信消费金融有限公司,2
2023,基本信息不准确,捷信消费金融有限公司,2
2023,基本信息不准确,捷信消费金融有限公司,2
2023,账户状态有误,中银消费金融有限公司,2
2023,基本信息不准确,捷信消费金融有限公司,2
2023,否认逾期,海尔消费金融有限公司,2
2023,否认逾期,招联消费金融股份有限公司,2
2023,否认逾期,招联消费金融股份有限公司,2
2023,非本人业务,捷信消费金融有限公司,2
2023,基本信息不准确,海尔消费金融有限公司,2
2023,基本信息不准确,海尔消费金融有限公司,2
2023,否认逾期,招联消费金融股份有限公司,2
2023,基本信息不准确,捷信消费金融有限公司,2
2023,否认逾期,马上消费金融股份有限公司,2
2023,基本信息不准确,捷信消费金融有限公司,2
2023,基本信息不准确,捷信消费金融有限公司,2
2023,基本信息不准确,捷信消费金融有限公司,2
2023,否认逾期,捷信消费金融有限公司,2
2023,非本人业务,捷信消费金融有限公司,2
2023,否认逾期,中邮消费金融有限公司,2
2023,非本人业务,捷信消费金融有限公司,2
2023,否认逾期,陕西长银消费金融有限公司,2
2023,否认逾期,陕西长银消费金融有限公司,2
2023,账户状态有误,南银法巴消费金融有限公司,2
2023,否认逾期,厦门金美信消费金融有限责任公司,2
2023,非本人业务,捷信消费金融有限公司,2
2023,否认逾期,马上消费金融股份有限公司,2
2023,账户状态有误,湖北消费金融股份有限公司,2
2023,非本人业务,捷信消费金融有限公司,2
2023,非本人业务,捷信消费金融有限公司,2
2023,账户状态有误,捷信消费金融有限公司,2
2023,账户状态有误,海尔消费金融有限公司,2
2023,基本信息不准确,中邮消费金融有限公司,2
2023,欺诈,马上消费金融股份有限公司,2
2023,否认逾期,马上消费金融股份有限公司,2
2023,否认逾期,杭银消费金融股份有限公司,2
2023,否认逾期,捷信消费金融有限公司,2
2023,非本人业务,捷信消费金融有限公司,2
2023,基本信息不准确,中信消费金融有限公司,2
2023,否认逾期,马上消费金融股份有限公司,2
2023,基本信息不准确,捷信消费金融有限公司,2
2023,非本人业务,捷信消费金融有限公司,2
2023,基本信息不准确,捷信消费金融有限公司,2
2023,基本信息不准确,河南中原消费金融股份有限公司,2
2023,基本信息不准确,捷信消费金融有限公司,2
2023,否认逾期,招联消费金融股份有限公司,2
2023,基本信息不准确,陕西长银消费金融有限公司,2
2023,非本人业务,捷信消费金融有限公司,2
2023,非本人业务,马上消费金融股份有限公司,2
2023,欺诈,捷信消费金融有限公司,2
2023,否认逾期,捷信消费金融有限公司,2
2023,基本信息不准确,捷信消费金融有限公司,1
2023,否认逾期,捷信消费金融有限公司,1
2023,非本人业务,捷信消费金融有限公司,1
2023,否认逾期,陕西长银消费金融有限公司,8
2023,否认逾期,晋商消费金融股份有限公司,10
2023,基本信息不准确,兴业消费金融股份公司,9
2023,基本信息不准确,兴业消费金融股份公司,9
2023,账户状态有误,招联消费金融股份有限公司,2
2023,账户状态有误,招联消费金融股份有限公司,2
2023,账户状态有误,招联消费金融股份有限公司,2
2023,账户状态有误,招联消费金融股份有限公司,2
2023,账户状态有误,招联消费金融股份有限公司,2
2023,账户状态有误,招联消费金融股份有限公司,2
2023,账户状态有误,招联消费金融股份有限公司,2
2023,否认逾期,中邮消费金融有限公司,4
2023,否认逾期,马上消费金融股份有限公司,3
2023,否认逾期,马上消费金融股份有限公司,3
2023,账户状态有误,招联消费金融股份有限公司,2
2023,账户状态有误,招联消费金融股份有限公司,2
2023,账户状态有误,招联消费金融股份有限公司,2
2023,账户状态有误,招联消费金融股份有限公司,2
2023,账户状态有误,招联消费金融股份有限公司,2
2023,账户状态有误,招联消费金融股份有限公司,2
2023,账户状态有误,招联消费金融股份有限公司,2
2023,账户状态有误,招联消费金融股份有限公司,2
2023,账户状态有误,招联消费金融股份有限公司,2
2023,账户状态有误,招联消费金融股份有限公司,2
2023,非本人业务,马上消费金融股份有限公司,3
2023,代偿,南银法巴消费金融有限公司,19
2023,否认逾期,陕西长银消费金融有限公司,8
2023,否认逾期,海尔消费金融有限公司,5
2023,否认逾期,马上消费金融股份有限公司,3
2023,基本信息不准确,捷信消费金融有限公司,1
2023,否认逾期,捷信消费金融有限公司,1
2023,否认逾期,捷信消费金融有限公司,1
2023,否认逾期,捷信消费金融有限公司,1
2023,代偿,厦门金美信消费金融有限责任公司,25
2023,否认逾期,中邮消费金融有限公司,4
2023,非本人业务,捷信消费金融有限公司,1
2023,基本信息不准确,捷信消费金融有限公司,1
2023,否认逾期,捷信消费金融有限公司,1
2023,非本人业务,捷信消费金融有限公司,1
2023,否认逾期,马上消费金融股份有限公司,3
2023,否认逾期,马上消费金融股份有限公司,3
2023,否认逾期,马上消费金融股份有限公司,3
2023,否认逾期,马上消费金融股份有限公司,3
2023,否认逾期,马上消费金融股份有限公司,3
2023,否认逾期,马上消费金融股份有限公司,3
2023,否认逾期,招联消费金融股份有限公司,2
2023,否认逾期,马上消费金融股份有限公司,3
2023,否认逾期,马上消费金融股份有限公司,3
2023,否认逾期,马上消费金融股份有限公司,3
2023,非本人业务,捷信消费金融有限公司,1
2023,否认逾期,四川锦程消费金融有限责任公司,20
2023,否认逾期,招联消费金融股份有限公司,2
2023,代偿,厦门金美信消费金融有限责任公司,25
2023,否认逾期,捷信消费金融有限公司,1
2023,非本人业务,马上消费金融股份有限公司,3
2023,基本信息不准确,河南中原消费金融股份有限公司,7
2023,非本人业务,马上消费金融股份有限公司,3
2023,其他,捷信消费金融有限公司,1
2023,否认逾期,马上消费金融股份有限公司,3
2023,否认逾期,捷信消费金融有限公司,1
2023,否认逾期,马上消费金融股份有限公司,3
2023,账户状态有误,招联消费金融股份有限公司,2
2023,账户状态有误,招联消费金融股份有限公司,2
2023,账户状态有误,招联消费金融股份有限公司,2
2023,账户状态有误,招联消费金融股份有限公司,2
2023,否认逾期,陕西长银消费金融有限公司,8
2023,否认逾期,陕西长银消费金融有限公司,8
2023,否认逾期,陕西长银消费金融有限公司,8
2023,账户状态有误,招联消费金融股份有限公司,2
2023,账户状态有误,招联消费金融股份有限公司,2
2023,账户状态有误,招联消费金融股份有限公司,2
2023,账户状态有误,招联消费金融股份有限公司,2
2023,账户状态有误,招联消费金融股份有限公司,2
2023,账户状态有误,招联消费金融股份有限公司,2
2023,账户状态有误,招联消费金融股份有限公司,2
2023,否认逾期,捷信消费金融有限公司,1
2023,否认逾期,兴业消费金融股份公司,9
2023,否认逾期,招联消费金融股份有限公司,2
2023,非本人业务,捷信消费金融有限公司,1
2023,否认逾期,杭银消费金融股份有限公司,11
2023,否认逾期,马上消费金融股份有限公司,3
2023,基本信息不准确,厦门金美信消费金融有限责任公司,25
2023,否认逾期,陕西长银消费金融有限公司,8
2023,否认逾期,中邮消费金融有限公司,4
2023,非本人业务,捷信消费金融有限公司,1
2023,基本信息不准确,捷信消费金融有限公司,1
2023,基本信息不准确,捷信消费金融有限公司,1
2023,非本人业务,捷信消费金融有限公司,1
2023,非本人业务,捷信消费金融有限公司,1
2023,否认逾期,中邮消费金融有限公司,4
2023,非本人业务,捷信消费金融有限公司,1
2023,基本信息不准确,南银法巴消费金融有限公司,19
2023,否认逾期,中邮消费金融有限公司,4
2023,否认逾期,捷信消费金融有限公司,1
2023,否认逾期,捷信消费金融有限公司,1
2023,基本信息不准确,捷信消费金融有限公司,1
2023,基本信息不准确,捷信消费金融有限公司,1
2023,非本人业务,捷信消费金融有限公司,1
2023,否认逾期,捷信消费金融有限公司,1
2023,代偿,厦门金美信消费金融有限责任公司,25
2023,否认逾期,捷信消费金融有限公司,1
2023,非本人业务,马上消费金融股份有限公司,3
2023,否认逾期,捷信消费金融有限公司,1
2023,非本人业务,招联消费金融股份有限公司,2
2023,基本信息不准确,兴业消费金融股份公司,9
2023,基本信息不准确,兴业消费金融股份公司,9
2023,否认逾期,捷信消费金融有限公司,1
2023,否认逾期,海尔消费金融有限公司,5
2023,否认逾期,海尔消费金融有限公司,5
2023,非本人业务,捷信消费金融有限公司,1
2023,非本人业务,捷信消费金融有限公司,1
2023,否认逾期,杭银消费金融股份有限公司,11
2023,否认逾期,晋商消费金融股份有限公司,10
2023,否认逾期,捷信消费金融有限公司,1
2023,否认逾期,捷信消费金融有限公司,1
2023,基本信息不准确,捷信消费金融有限公司,1
2023,否认逾期,捷信消费金融有限公司,1
2023,非本人业务,招联消费金融股份有限公司,2
2023,否认逾期,捷信消费金融有限公司,1
2023,基本信息不准确,捷信消费金融有限公司,1
2023,基本信息不准确,捷信消费金融有限公司,1
2023,否认逾期,捷信消费金融有限公司,1
2023,非本人业务,捷信消费金融有限公司,1
2023,非本人业务,马上消费金融股份有限公司,3
2023,否认逾期,捷信消费金融有限公司,1
2023,非本人业务,捷信消费金融有限公司,1
2023,否认逾期,捷信消费金融有限公司,1
2023,否认逾期,捷信消费金融有限公司,1
2023,非本人业务,捷信消费金融有限公司,1
2023,基本信息不准确,捷信消费金融有限公司,1
2023,基本信息不准确,捷信消费金融有限公司,1
2023,非本人业务,捷信消费金融有限公司,1
2023,基本信息不准确,晋商消费金融股份有限公司,10
2023,非本人业务,捷信消费金融有限公司,1
2023,否认逾期,马上消费金融股份有限公司,3
2023,非本人业务,海尔消费金融有限公司,5
2023,基本信息不准确,捷信消费金融有限公司,1
2023,账户状态有误,海尔消费金融有限公司,5
2023,基本信息不准确,捷信消费金融有限公司,1
2023,否认逾期,海尔消费金融有限公司,5
2023,基本信息不准确,捷信消费金融有限公司,1
2023,否认逾期,马上消费金融股份有限公司,3
2023,否认逾期,马上消费金融股份有限公司,3
2023,非本人业务,捷信消费金融有限公司,1
2023,否认逾期,马上消费金融股份有限公司,3
2023,代偿,盛银消费金融有限公司,24
2023,基本信息不准确,兴业消费金融股份公司,9
2023,非本人业务,捷信消费金融有限公司,1
2023,基本信息不准确,兴业消费金融股份公司,9
2023,基本信息不准确,捷信消费金融有限公司,1
2023,否认逾期,招联消费金融股份有限公司,2
2023,否认逾期,马上消费金融股份有限公司,3
2023,否认逾期,马上消费金融股份有限公司,3
2023,否认逾期,海尔消费金融有限公司,5
2023,代偿,四川锦程消费金融有限责任公司,20
2023,非本人业务,陕西长银消费金融有限公司,8
2023,基本信息不准确,捷信消费金融有限公司,1
2023,代偿,北京阳光消费金融股份有限公司,26
2023,基本信息不准确,捷信消费金融有限公司,1
2023,代偿,厦门金美信消费金融有限责任公司,25
2023,基本信息不准确,中信消费金融有限公司,21
2023,基本信息不准确,捷信消费金融有限公司,1
2023,基本信息不准确,捷信消费金融有限公司,1
2023,基本信息不准确,捷信消费金融有限公司,1
2023,否认逾期,捷信消费金融有限公司,1
2023,基本信息不准确,海尔消费金融有限公司,5
2023,基本信息不准确,海尔消费金融有限公司,5
2023,非本人业务,捷信消费金融有限公司,1
2023,否认逾期,捷信消费金融有限公司,1
2023,账户状态有误,河南中原消费金融股份有限公司,7
2023,账户状态有误,中银消费金融有限公司,6
2023,否认逾期,马上消费金融股份有限公司,3
2023,否认逾期,海尔消费金融有限公司,5
2023,非本人业务,捷信消费金融有限公司,1
2023,否认逾期,捷信消费金融有限公司,1
2023,否认逾期,河南中原消费金融股份有限公司,7
2023,否认逾期,捷信消费金融有限公司,1
2023,否认逾期,捷信消费金融有限公司,1
2023,非本人业务,捷信消费金融有限公司,1
2023,否认逾期,捷信消费金融有限公司,1
2023,基本信息不准确,海尔消费金融有限公司,5
2023,基本信息不准确,海尔消费金融有限公司,5
2023,否认逾期,招联消费金融股份有限公司,2
2023,否认逾期,招联消费金融股份有限公司,2
2023,否认逾期,招联消费金融股份有限公司,2
2023,基本信息不准确,海尔消费金融有限公司,5
2023,非本人业务,招联消费金融股份有限公司,2
2023,否认逾期,马上消费金融股份有限公司,3
2023,非本人业务,捷信消费金融有限公司,1
2023,基本信息不准确,捷信消费金融有限公司,1
2023,基本信息不准确,捷信消费金融有限公司,1
2023,非本人业务,捷信消费金融有限公司,1
2023,否认逾期,捷信消费金融有限公司,1
2023,代偿,盛银消费金融有限公司,24
2023,非本人业务,马上消费金融股份有限公司,3
2023,账户状态有误,上海尚诚消费金融股份有限公司,17
2023,否认逾期,马上消费金融股份有限公司,3
2023,否认逾期,捷信消费金融有限公司,1
2023,否认逾期,兴业消费金融股份公司,9
2023,基本信息不准确,捷信消费金融有限公司,1
2023,否认逾期,捷信消费金融有限公司,1
2023,基本信息不准确,捷信消费金融有限公司,1
2023,否认逾期,招联消费金融股份有限公司,2
2023,否认逾期,招联消费金融股份有限公司,2
2023,非本人业务,捷信消费金融有限公司,1
2023,否认逾期,马上消费金融股份有限公司,3
2023,账户状态有误,杭银消费金融股份有限公司,11
2023,否认逾期,陕西长银消费金融有限公司,8
2023,非本人业务,捷信消费金融有限公司,1
2023,基本信息不准确,捷信消费金融有限公司,1
2023,否认逾期,马上消费金融股份有限公司,3
2023,基本信息不准确,捷信消费金融有限公司,1
2023,基本信息不准确,捷信消费金融有限公司,1
2023,基本信息不准确,捷信消费金融有限公司,1
2023,非本人业务,马上消费金融股份有限公司,3
2023,非本人业务,马上消费金融股份有限公司,3
2023,账户状态有误,晋商消费金融股份有限公司,10
2023,否认逾期,马上消费金融股份有限公司,3
2023,否认逾期,杭银消费金融股份有限公司,11
2023,账户状态有误,捷信消费金融有限公司,1
2023,基本信息不准确,捷信消费金融有限公司,1
2023,否认逾期,捷信消费金融有限公司,1
2023,基本信息不准确,兴业消费金融股份公司,9
2023,基本信息不准确,兴业消费金融股份公司,9
2023,否认逾期,捷信消费金融有限公司,1
2023,欺诈,捷信消费金融有限公司,1
2023,基本信息不准确,海尔消费金融有限公司,5
2023,否认逾期,捷信消费金融有限公司,1
2023,否认逾期,盛银消费金融有限公司,24
2023,否认逾期,捷信消费金融有限公司,1
2023,非本人业务,捷信消费金融有限公司,1
2023,账户状态有误,捷信消费金融有限公司,1
2023,基本信息不准确,捷信消费金融有限公司,1
2023,非本人业务,捷信消费金融有限公司,1
2023,基本信息不准确,兴业消费金融股份公司,9
2023,否认逾期,马上消费金融股份有限公司,3
2023,非本人业务,捷信消费金融有限公司,1
2023,否认逾期,河南中原消费金融股份有限公司,7
2023,否认逾期,马上消费金融股份有限公司,3
2023,否认逾期,中邮消费金融有限公司,4
2023,否认逾期,捷信消费金融有限公司,1
2023,否认逾期,招联消费金融股份有限公司,2
2023,否认逾期,捷信消费金融有限公司,1
2023,否认逾期,捷信消费金融有限公司,1
2023,基本信息不准确,中信消费金融有限公司,21
2023,否认逾期,马上消费金融股份有限公司,3
2023,否认逾期,海尔消费金融有限公司,5
2023,否认逾期,湖北消费金融股份有限公司,16
2023,基本信息不准确,盛银消费金融有限公司,24
2023,非本人业务,捷信消费金融有限公司,1
2023,否认逾期,马上消费金融股份有限公司,3
2023,账户状态有误,捷信消费金融有限公司,1
2023,否认逾期,捷信消费金融有限公司,1
2023,否认逾期,捷信消费金融有限公司,1
2023,账户状态有误,中银消费金融有限公司,6
2023,否认逾期,重庆蚂蚁消费金融有限公司,13
2023,基本信息不准确,苏银凯基消费金融有限公司,28
2023,否认逾期,海尔消费金融有限公司,5
2023,基本信息不准确,捷信消费金融有限公司,1
2023,基本信息不准确,捷信消费金融有限公司,1
2023,非本人业务,捷信消费金融有限公司,1
2023,基本信息不准确,中信消费金融有限公司,21
2023,基本信息不准确,捷信消费金融有限公司,1
2023,非本人业务,捷信消费金融有限公司,1
2023,否认逾期,晋商消费金融股份有限公司,10
2023,基本信息不准确,湖北消费金融股份有限公司,16
2023,代偿,厦门金美信消费金融有限责任公司,25
2023,非本人业务,捷信消费金融有限公司,1
2023,否认逾期,陕西长银消费金融有限公司,8
2023,否认逾期,陕西长银消费金融有限公司,8
2023,否认逾期,陕西长银消费金融有限公司,8
2023,否认逾期,中邮消费金融有限公司,4
2023,否认逾期,陕西长银消费金融有限公司,8
2023,否认逾期,杭银消费金融股份有限公司,11
2023,非本人业务,捷信消费金融有限公司,1
2023,否认逾期,捷信消费金融有限公司,1
2023,非本人业务,马上消费金融股份有限公司,3
2023,否认逾期,捷信消费金融有限公司,1
2023,非本人业务,捷信消费金融有限公司,1
2023,否认逾期,马上消费金融股份有限公司,3
2023,非本人业务,捷信消费金融有限公司,1
2023,基本信息不准确,捷信消费金融有限公司,1
2023,基本信息不准确,捷信消费金融有限公司,1
2023,基本信息不准确,捷信消费金融有限公司,1
2023,基本信息不准确,捷信消费金融有限公司,1
2023,否认逾期,捷信消费金融有限公司,1
2023,否认逾期,招联消费金融股份有限公司,2
2023,否认逾期,陕西长银消费金融有限公司,8
2023,非本人业务,捷信消费金融有限公司,1
2023,否认逾期,招联消费金融股份有限公司,2
2023,否认逾期,重庆小米消费金融有限公司,23
2023,否认逾期,湖南长银五八消费金融股份有限公司,29
2023,否认逾期,陕西长银消费金融有限公司,8
2023,非本人业务,捷信消费金融有限公司,1
2023,否认逾期,湖南长银五八消费金融股份有限公司,29
2023,基本信息不准确,捷信消费金融有限公司,1
2023,代偿,四川锦程消费金融有限责任公司,20
2023,基本信息不准确,捷信消费金融有限公司,1
2023,非本人业务,招联消费金融股份有限公司,2
2023,基本信息不准确,陕西长银消费金融有限公司,8
2023,非本人业务,马上消费金融股份有限公司,3
2023,基本信息不准确,兴业消费金融股份公司,9
2023,非本人业务,马上消费金融股份有限公司,3
2023,否认逾期,捷信消费金融有限公司,1
2023,否认逾期,兴业消费金融股份公司,9
2023,基本信息不准确,中信消费金融有限公司,21
2023,非本人业务,捷信消费金融有限公司,1
2023,基本信息不准确,海尔消费金融有限公司,5
2023,基本信息不准确,捷信消费金融有限公司,1
2023,基本信息不准确,晋商消费金融股份有限公司,10
2023,基本信息不准确,捷信消费金融有限公司,1
2023,否认逾期,马上消费金融股份有限公司,3
2023,基本信息不准确,海尔消费金融有限公司,5
2023,否认逾期,重庆蚂蚁消费金融有限公司,13
2023,非本人业务,捷信消费金融有限公司,1
2023,基本信息不准确,陕西长银消费金融有限公司,8
2023,基本信息不准确,兴业消费金融股份公司,9
2023,基本信息不准确,兴业消费金融股份公司,9
2023,否认逾期,陕西长银消费金融有限公司,8
2023,否认逾期,陕西长银消费金融有限公司,8
2023,否认逾期,陕西长银消费金融有限公司,8
2023,否认逾期,陕西长银消费金融有限公司,8
2023,否认逾期,四川省唯品富邦消费金融有限公司,30
2023,否认逾期,海尔消费金融有限公司,5
2023,非本人业务,南银法巴消费金融有限公司,19
2023,否认逾期,河南中原消费金融股份有限公司,7
2023,否认逾期,捷信消费金融有限公司,1
2023,基本信息不准确,中信消费金融有限公司,21
2023,否认逾期,陕西长银消费金融有限公司,8
2023,否认逾期,兴业消费金融股份公司,9
2023,基本信息不准确,中信消费金融有限公司,21
2023,否认逾期,杭银消费金融股份有限公司,11
2023,否认逾期,兴业消费金融股份公司,9
2023,基本信息不准确,兴业消费金融股份公司,9
2023,基本信息不准确,捷信消费金融有限公司,1
2023,否认逾期,马上消费金融股份有限公司,3
2023,非本人业务,捷信消费金融有限公司,1
2023,否认逾期,捷信消费金融有限公司,1
2023,基本信息不准确,捷信消费金融有限公司,1
2023,基本信息不准确,捷信消费金融有限公司,1
2023,基本信息不准确,捷信消费金融有限公司,1
2023,否认逾期,杭银消费金融股份有限公司,11
2023,基本信息不准确,兴业消费金融股份公司,9
2023,非本人业务,捷信消费金融有限公司,1
2023,账户状态有误,捷信消费金融有限公司,1
2023,基本信息不准确,捷信消费金融有限公司,1
2023,否认逾期,马上消费金融股份有限公司,3
2023,否认逾期,马上消费金融股份有限公司,3
2023,否认逾期,兴业消费金融股份公司,9
2023,欺诈,捷信消费金融有限公司,1
2023,非本人业务,招联消费金融股份有限公司,2
2023,基本信息不准确,捷信消费金融有限公司,1
2023,基本信息不准确,苏银凯基消费金融有限公司,28
2023,非本人业务,捷信消费金融有限公司,1
2023,否认逾期,哈尔滨哈银消费金融有限责任公司,14
2023,否认逾期,捷信消费金融有限公司,1
2023,否认逾期,招联消费金融股份有限公司,2
2023,基本信息不准确,捷信消费金融有限公司,1
2023,基本信息不准确,捷信消费金融有限公司,1
2023,否认逾期,马上消费金融股份有限公司,3
2023,否认逾期,马上消费金融股份有限公司,3
2023,否认逾期,马上消费金融股份有限公司,3
2023,基本信息不准确,兴业消费金融股份公司,9
2023,非本人业务,捷信消费金融有限公司,1
2023,非本人业务,捷信消费金融有限公司,1
2023,非本人业务,捷信消费金融有限公司,1
2023,否认逾期,捷信消费金融有限公司,1
2023,否认逾期,招联消费金融股份有限公司,2
2023,基本信息不准确,捷信消费金融有限公司,1
2023,否认逾期,中银消费金融有限公司,6
2023,否认逾期,哈尔滨哈银消费金融有限责任公司,14
2023,否认逾期,哈尔滨哈银消费金融有限责任公司,14
2023,否认逾期,马上消费金融股份有限公司,3
2023,否认逾期,晋商消费金融股份有限公司,10
2023,否认逾期,晋商消费金融股份有限公司,10
2023,否认逾期,捷信消费金融有限公司,1
2023,否认逾期,捷信消费金融有限公司,1
2023,基本信息不准确,捷信消费金融有限公司,1
2023,基本信息不准确,捷信消费金融有限公司,1
2023,否认逾期,马上消费金融股份有限公司,3
2023,账户状态有误,海尔消费金融有限公司,5
2023,非本人业务,捷信消费金融有限公司,1
2023,否认逾期,马上消费金融股份有限公司,3
2023,否认逾期,马上消费金融股份有限公司,3
2023,账户状态有误,捷信消费金融有限公司,1
2023,否认逾期,捷信消费金融有限公司,1
2023,否认逾期,晋商消费金融股份有限公司,10
2023,非本人业务,捷信消费金融有限公司,1
2023,否认逾期,捷信消费金融有限公司,1
2023,否认逾期,陕西长银消费金融有限公司,8
2023,基本信息不准确,马上消费金融股份有限公司,3
2023,基本信息不准确,南银法巴消费金融有限公司,19
2023,否认逾期,海尔消费金融有限公司,5
2023,基本信息不准确,河南中原消费金融股份有限公司,7
2023,基本信息不准确,捷信消费金融有限公司,1
2023,否认逾期,捷信消费金融有限公司,1
2023,基本信息不准确,捷信消费金融有限公司,1
2023,非本人业务,捷信消费金融有限公司,1
2023,基本信息不准确,捷信消费金融有限公司,1
2023,否认逾期,海尔消费金融有限公司,5
2023,否认逾期,海尔消费金融有限公司,5
2023,否认逾期,海尔消费金融有限公司,5
2023,否认逾期,重庆蚂蚁消费金融有限公司,13
2023,基本信息不准确,捷信消费金融有限公司,1
2023,否认逾期,晋商消费金融股份有限公司,10
2023,非本人业务,捷信消费金融有限公司,1
2023,非本人业务,马上消费金融股份有限公司,3
2023,基本信息不准确,捷信消费金融有限公司,1
2023,基本信息不准确,陕西长银消费金融有限公司,8
2023,基本信息不准确,晋商消费金融股份有限公司,10
2023,非本人业务,捷信消费金融有限公司,1
2023,基本信息不准确,海尔消费金融有限公司,5
2023,基本信息不准确,中银消费金融有限公司,6
2023,基本信息不准确,捷信消费金融有限公司,1
2023,非本人业务,捷信消费金融有限公司,1
2023,否认逾期,海尔消费金融有限公司,5
2023,代偿,南银法巴消费金融有限公司,19
2023,基本信息不准确,捷信消费金融有限公司,1
2023,否认逾期,陕西长银消费金融有限公司,8
2023,非本人业务,捷信消费金融有限公司,1
2023,否认逾期,招联消费金融股份有限公司,2
2023,否认逾期,中邮消费金融有限公司,4
2023,否认逾期,中邮消费金融有限公司,4
2023,基本信息不准确,河南中原消费金融股份有限公司,7
2023,否认逾期,晋商消费金融股份有限公司,10
2023,否认逾期,马上消费金融股份有限公司,3
2023,基本信息不准确,南银法巴消费金融有限公司,19
2023,非本人业务,捷信消费金融有限公司,1
2023,基本信息不准确,捷信消费金融有限公司,1
2023,否认逾期,招联消费金融股份有限公司,2
2023,基本信息不准确,捷信消费金融有限公司,1
2023,否认逾期,陕西长银消费金融有限公司,8
2023,否认逾期,杭银消费金融股份有限公司,11
2023,否认逾期,晋商消费金融股份有限公司,10
2023,否认逾期,捷信消费金融有限公司,1
2023,否认逾期,马上消费金融股份有限公司,3
2023,否认逾期,海尔消费金融有限公司,5
2023,基本信息不准确,捷信消费金融有限公司,1
2023,账户状态有误,捷信消费金融有限公司,1
2023,账户状态有误,捷信消费金融有限公司,1
2023,账户状态有误,捷信消费金融有限公司,1
2023,非本人业务,湖北消费金融股份有限公司,16
2023,基本信息不准确,捷信消费金融有限公司,1
2023,基本信息不准确,捷信消费金融有限公司,1
2023,基本信息不准确,捷信消费金融有限公司,1
2023,基本信息不准确,河南中原消费金融股份有限公司,7
2023,否认逾期,马上消费金融股份有限公司,3
2023,基本信息不准确,兴业消费金融股份公司,9
2023,否认逾期,捷信消费金融有限公司,1
2023,否认逾期,马上消费金融股份有限公司,3
2023,否认逾期,马上消费金融股份有限公司,3
2023,基本信息不准确,捷信消费金融有限公司,1
2023,基本信息不准确,捷信消费金融有限公司,1
2023,基本信息不准确,海尔消费金融有限公司,5
2023,否认逾期,招联消费金融股份有限公司,2
2023,非本人业务,马上消费金融股份有限公司,3
2023,非本人业务,捷信消费金融有限公司,1
2023,否认逾期,招联消费金融股份有限公司,2
2023,基本信息不准确,厦门金美信消费金融有限责任公司,25
2023,代偿 ,盛银消费金融有限公司,24
2023,非本人业务,捷信消费金融有限公司,1
2023,否认逾期,捷信消费金融有限公司,1
2023,基本信息不准确,中邮消费金融有限公司,4
2023,否认逾期,招联消费金融股份有限公司,2
2023,账户状态有误,招联消费金融股份有限公司,2
2023,基本信息不准确,河南中原消费金融股份有限公司,7
2023,基本信息不准确,苏银凯基消费金融有限公司,28
2023,非本人业务,捷信消费金融有限公司,1
2023,基本信息不准确,招联消费金融股份有限公司,2
2023,基本信息不准确,中信消费金融有限公司,21
2023,基本信息不准确,捷信消费金融有限公司,1
2023,基本信息不准确,捷信消费金融有限公司,1
2023,否认逾期,招联消费金融股份有限公司,2
2023,非本人业务,陕西长银消费金融有限公司,8
2023,账户状态有误,南银法巴消费金融有限公司,19
2023,账户状态有误,南银法巴消费金融有限公司,19
2023,基本信息不准确,捷信消费金融有限公司,1
2023,基本信息不准确,兴业消费金融股份公司,9
2023,基本信息不准确,捷信消费金融有限公司,1
2023,基本信息不准确,捷信消费金融有限公司,1
2023,非本人业务,捷信消费金融有限公司,1
2023,基本信息不准确,捷信消费金融有限公司,1
2023,否认逾期,中邮消费金融有限公司,4
2023,非本人业务,捷信消费金融有限公司,1
2023,否认逾期,招联消费金融股份有限公司,2
2023,基本信息不准确,内蒙古蒙商消费金融股份有限公司,22
2023,基本信息不准确,苏银凯基消费金融有限公司,28
2023,否认逾期,招联消费金融股份有限公司,2
2023,否认逾期,马上消费金融股份有限公司,3
2023,否认逾期,捷信消费金融有限公司,1
2023,否认逾期,重庆蚂蚁消费金融有限公司,13
2023,否认逾期,招联消费金融股份有限公司,2
2023,代偿,厦门金美信消费金融有限责任公司,25
2023,基本信息不准确,捷信消费金融有限公司,1
2023,否认逾期,马上消费金融股份有限公司,3
2023,基本信息不准确,河南中原消费金融股份有限公司,7
2023,否认逾期,盛银消费金融有限公司,24
2023,否认逾期,马上消费金融股份有限公司,3
2023,否认逾期,捷信消费金融有限公司,1
2023,非本人业务,捷信消费金融有限公司,1
2023,非本人业务,捷信消费金融有限公司,1
2023,非本人业务,捷信消费金融有限公司,1
2023,基本信息不准确,河南中原消费金融股份有限公司,7
2023,否认逾期,马上消费金融股份有限公司,3
2023,非本人业务,捷信消费金融有限公司,1
2023,基本信息不准确,四川锦程消费金融有限责任公司,20
2023,非本人业务,捷信消费金融有限公司,1
2023,基本信息不准确,中邮消费金融有限公司,4
2023,基本信息不准确,苏银凯基消费金融有限公司,28
2023,基本信息不准确,捷信消费金融有限公司,1
2023,否认逾期,马上消费金融股份有限公司,3
2023,否认逾期,海尔消费金融有限公司,5
2023,非本人业务,捷信消费金融有限公司,1
2023,账户状态有误,中银消费金融有限公司,6
2023,非本人业务,南银法巴消费金融有限公司,19
2023,否认逾期,招联消费金融股份有限公司,2
2023,代偿,盛银消费金融有限公司,24
2023,否认逾期,捷信消费金融有限公司,1
2023,非本人业务,招联消费金融股份有限公司,2
2023,否认逾期,海尔消费金融有限公司,5
2023,否认逾期,马上消费金融股份有限公司,3
2023,否认逾期,中信消费金融有限公司,21
2023,否认逾期,捷信消费金融有限公司,1
2023,基本信息不准确,苏银凯基消费金融有限公司,28
2023,否认逾期,招联消费金融股份有限公司,2
2023,基本信息不准确,中信消费金融有限公司,21
2023,基本信息不准确,北京阳光消费金融股份有限公司,26
2023,基本信息不准确,中银消费金融有限公司,6
2023,否认逾期,马上消费金融股份有限公司,3
2023,账户状态有误,捷信消费金融有限公司,1
2023,基本信息不准确,捷信消费金融有限公司,1
2023,非本人业务,马上消费金融股份有限公司,3
2023,否认逾期,中邮消费金融有限公司,4
2023,否认逾期,马上消费金融股份有限公司,3
2023,非本人业务,捷信消费金融有限公司,1
2023,否认逾期,马上消费金融股份有限公司,3
2023,否认逾期,厦门金美信消费金融有限责任公司,25
2023,基本信息不准确,捷信消费金融有限公司,1
2023,其他,重庆蚂蚁消费金融有限公司,13
2023,账户状态有误,重庆蚂蚁消费金融有限公司,13
2023,非本人业务,捷信消费金融有限公司,1
2023,否认逾期,晋商消费金融股份有限公司,10
2023,基本信息不准确,捷信消费金融有限公司,1
2023,否认逾期,马上消费金融股份有限公司,3
2023,基本信息不准确,苏银凯基消费金融有限公司,28
2023,否认逾期,招联消费金融股份有限公司,2
2023,基本信息不准确,中信消费金融有限公司,21
2023,否认逾期,重庆蚂蚁消费金融有限公司,13
2023,非本人业务,捷信消费金融有限公司,1
2023,非本人业务,马上消费金融股份有限公司,3
2023,否认逾期,招联消费金融股份有限公司,2
2023,基本信息不准确,捷信消费金融有限公司,1
2023,非本人业务,中邮消费金融有限公司,4
2023,非本人业务,中银消费金融有限公司,6
2023,基本信息不准确,捷信消费金融有限公司,1
2023,非本人业务,招联消费金融股份有限公司,2
2023,非本人业务,招联消费金融股份有限公司,2
2023,非本人业务,招联消费金融股份有限公司,2
2023,非本人业务,招联消费金融股份有限公司,2
2023,非本人业务,招联消费金融股份有限公司,2
2023,非本人业务,招联消费金融股份有限公司,2
2023,非本人业务,招联消费金融股份有限公司,2
2023,非本人业务,招联消费金融股份有限公司,2
2023,非本人业务,招联消费金融股份有限公司,2
2023,非本人业务,招联消费金融股份有限公司,2
2023,否认逾期,河南中原消费金融股份有限公司,7
2023,非本人业务,招联消费金融股份有限公司,2
2023,基本信息不准确,兴业消费金融股份公司,9
2023,基本信息不准确,苏银凯基消费金融有限公司,28
2023,基本信息不准确,捷信消费金融有限公司,1
2023,基本信息不准确,捷信消费金融有限公司,1
2023,基本信息不准确,捷信消费金融有限公司,1
2023,基本信息不准确,捷信消费金融有限公司,1
2023,非本人业务,捷信消费金融有限公司,1
2023,基本信息不准确,捷信消费金融有限公司,1
2023,基本信息不准确,捷信消费金融有限公司,1
2023,基本信息不准确,捷信消费金融有限公司,1
2023,基本信息不准确,兴业消费金融股份公司,9
2023,非本人业务,捷信消费金融有限公司,1
2023,否认逾期,兴业消费金融股份公司,9
2023,非本人业务,捷信消费金融有限公司,1
2023,非本人业务,捷信消费金融有限公司,1
2023,非本人业务,捷信消费金融有限公司,1
2023,非本人业务,马上消费金融股份有限公司,3
2023,否认逾期,中银消费金融有限公司,6
2023,否认逾期,兴业消费金融股份公司,9
2023,否认逾期,中银消费金融有限公司,6
2023,否认逾期,招联消费金融股份有限公司,2
2023,基本信息不准确,南银法巴消费金融有限公司,19
2023,非本人业务,马上消费金融股份有限公司,3
2023,否认逾期,捷信消费金融有限公司,1
2023,基本信息不准确,海尔消费金融有限公司,5
2023,基本信息不准确,苏银凯基消费金融有限公司,28
2023,基本信息不准确,南银法巴消费金融有限公司,19
2023,基本信息不准确,河南中原消费金融股份有限公司,7
2023,否认逾期,湖北消费金融股份有限公司,16
2023,基本信息不准确,捷信消费金融有限公司,1
2023,基本信息不准确,捷信消费金融有限公司,1
2023,基本信息不准确,捷信消费金融有限公司,1
2023,基本信息不准确,苏银凯基消费金融有限公司,28
2023,否认逾期,捷信消费金融有限公司,1
2023,否认逾期,捷信消费金融有限公司,1
2023,基本信息不准确,捷信消费金融有限公司,1
2023,基本信息不准确,捷信消费金融有限公司,1
2023,非本人业务,捷信消费金融有限公司,1
2023,基本信息不准确,捷信消费金融有限公司,1
2023,基本信息不准确,捷信消费金融有限公司,1
2023,账户状态有误,捷信消费金融有限公司,1
2023,否认逾期,兴业消费金融股份公司,9
2023,否认逾期,马上消费金融股份有限公司,3
2023,非本人业务,招联消费金融股份有限公司,2
2023,否认逾期,重庆蚂蚁消费金融有限公司,13
2023,否认逾期,兴业消费金融股份公司,9
2023,否认逾期,招联消费金融股份有限公司,2
2023,否认逾期,招联消费金融股份有限公司,2
2023,否认逾期,招联消费金融股份有限公司,2
2023,否认逾期,招联消费金融股份有限公司,2
2023,否认逾期,招联消费金融股份有限公司,2
2023,否认逾期,招联消费金融股份有限公司,2
2023,基本信息不准确,捷信消费金融有限公司,1
2023,非本人业务,捷信消费金融有限公司,1
2023,否认逾期,捷信消费金融有限公司,1
2023,否认逾期,捷信消费金融有限公司,1
2023,基本信息不准确,兴业消费金融股份公司,9
2023,基本信息不准确,兴业消费金融股份公司,9
2023,否认逾期,杭银消费金融股份有限公司,11
2023,非本人业务,招联消费金融股份有限公司,2
2023,否认逾期,招联消费金融股份有限公司,2
2023,否认逾期,内蒙古蒙商消费金融股份有限公司,22
2023,基本信息不准确,捷信消费金融有限公司,1
2023,否认逾期,杭银消费金融股份有限公司,11
2023,基本信息不准确,兴业消费金融股份公司,9
2023,否认逾期,捷信消费金融有限公司,1
2023,基本信息不准确,捷信消费金融有限公司,1
2023,否认逾期,招联消费金融股份有限公司,2
2023,否认逾期,捷信消费金融有限公司,1
2023,基本信息不准确,河南中原消费金融股份有限公司,7
2023,否认逾期,陕西长银消费金融有限公司,8
2023,基本信息不准确,厦门金美信消费金融有限责任公司,25
2023,其他,河北幸福消费金融股份有限公司,12
2023,否认逾期,中邮消费金融有限公司,4
2023,否认逾期,浙江宁银消费金融股份有限公司,18
2023,基本信息不准确,捷信消费金融有限公司,1
2023,基本信息不准确,捷信消费金融有限公司,1
2023,基本信息不准确,捷信消费金融有限公司,1
2023,基本信息不准确,厦门金美信消费金融有限责任公司,25
2023,基本信息不准确,中邮消费金融有限公司,4
2023,非本人业务,捷信消费金融有限公司,1
2023,基本信息不准确,捷信消费金融有限公司,1
2023,非本人业务,捷信消费金融有限公司,1
2023,否认逾期,捷信消费金融有限公司,1
2023,代偿,四川锦程消费金融有限责任公司,20
2023,代偿,盛银消费金融有限公司,24
2023,基本信息不准确,捷信消费金融有限公司,1
2023,基本信息不准确,捷信消费金融有限公司,1
2023,基本信息不准确,捷信消费金融有限公司,1
2023,基本信息不准确,海尔消费金融有限公司,5
2023,非本人业务,捷信消费金融有限公司,1
2023,基本信息不准确,捷信消费金融有限公司,1
2023,基本信息不准确,马上消费金融股份有限公司,3
2023,代偿,四川锦程消费金融有限责任公司,20
2023,非本人业务,捷信消费金融有限公司,1
2023,非本人业务,马上消费金融股份有限公司,3
2023,基本信息不准确,捷信消费金融有限公司,1
2023,否认逾期,马上消费金融股份有限公司,3
2023,否认逾期,捷信消费金融有限公司,1
2023,非本人业务,捷信消费金融有限公司,1
2023,非本人业务,捷信消费金融有限公司,1
2023,非本人业务,捷信消费金融有限公司,1
2023,基本信息不准确,捷信消费金融有限公司,1
2023,否认逾期,湖南长银五八消费金融股份有限公司,29
2023,基本信息不准确,苏银凯基消费金融有限公司,28
2023,否认逾期,捷信消费金融有限公司,1
2023,否认逾期,中邮消费金融有限公司,4
2023,基本信息不准确,盛银消费金融有限公司,24
2023,否认逾期,捷信消费金融有限公司,1
2023,否认逾期,捷信消费金融有限公司,1
2023,非本人业务,捷信消费金融有限公司,1
2023,基本信息不准确,海尔消费金融有限公司,5
2023,基本信息不准确,河南中原消费金融股份有限公司,7
2023,基本信息不准确,捷信消费金融有限公司,1
2023,基本信息不准确,海尔消费金融有限公司,5
2023,非本人业务,捷信消费金融有限公司,1
2023,否认逾期,中邮消费金融有限公司,4
2023,账户状态有误,捷信消费金融有限公司,1
2023,基本信息不准确,苏银凯基消费金融有限公司,28
2023,否认逾期,招联消费金融股份有限公司,2
2023,基本信息不准确,海尔消费金融有限公司,5
2023,非本人业务,捷信消费金融有限公司,1
2023,非本人业务,捷信消费金融有限公司,1
2023,非本人业务,马上消费金融股份有限公司,3
2023,否认逾期,兴业消费金融股份公司,9
2023,账户状态有误,湖北消费金融股份有限公司,16
2023,基本信息不准确,苏银凯基消费金融有限公司,28
2023,否认逾期,捷信消费金融有限公司,1
2023,基本信息不准确,苏银凯基消费金融有限公司,28
2023,基本信息不准确,苏银凯基消费金融有限公司,28
2023,基本信息不准确,捷信消费金融有限公司,1
2023,非本人业务,捷信消费金融有限公司,1
2023,代偿,厦门金美信消费金融有限责任公司,25
2023,否认逾期,陕西长银消费金融有限公司,8
2023,否认逾期,中邮消费金融有限公司,4
2023,否认逾期,湖北消费金融股份有限公司,16
2023,基本信息不准确,北京阳光消费金融股份有限公司,26
2023,基本信息不准确,捷信消费金融有限公司,1
2023,非本人业务,捷信消费金融有限公司,1
2023,非本人业务,马上消费金融股份有限公司,3
2023,否认逾期,捷信消费金融有限公司,1
2023,基本信息不准确,厦门金美信消费金融有限责任公司,25
2023,非本人业务,捷信消费金融有限公司,1
2023,否认逾期,海尔消费金融有限公司,5
2023,基本信息不准确,北京阳光消费金融股份有限公司,26
2023,账户状态有误,南银法巴消费金融有限公司,19
2023,基本信息不准确,中邮消费金融有限公司,4
2023,否认逾期,四川省唯品富邦消费金融有限公司,30
2023,非本人业务,捷信消费金融有限公司,1
2023,否认逾期,晋商消费金融股份有限公司,10
2023,基本信息不准确,捷信消费金融有限公司,1
2023,非本人业务,捷信消费金融有限公司,1
2023,基本信息不准确,晋商消费金融股份有限公司,10
2023,基本信息不准确,捷信消费金融有限公司,1
2023,基本信息不准确,厦门金美信消费金融有限责任公司,25
2023,基本信息不准确,中信消费金融有限公司,21
2023,基本信息不准确,中信消费金融有限公司,21
2023,基本信息不准确,厦门金美信消费金融有限责任公司,25
2023,非本人业务,捷信消费金融有限公司,1
2023,非本人业务,捷信消费金融有限公司,1
2023,否认逾期,中邮消费金融有限公司,4
2023,基本信息不准确,陕西长银消费金融有限公司,8
2023,否认逾期,捷信消费金融有限公司,1
2023,否认逾期,捷信消费金融有限公司,1
2023,其他,湖北消费金融股份有限公司,16
2023,否认逾期,招联消费金融股份有限公司,2
2023,代偿,盛银消费金融有限公司,24
2023,基本信息不准确,中信消费金融有限公司,21
2023,否认逾期,招联消费金融股份有限公司,2
2023,否认逾期,捷信消费金融有限公司,1
2023,否认逾期,捷信消费金融有限公司,1
2023,非本人业务,中银消费金融有限公司,6
2023,非本人业务,捷信消费金融有限公司,1
2023,否认逾期,马上消费金融股份有限公司,3
2023,否认逾期,湖北消费金融股份有限公司,16
2023,基本信息不准确,中信消费金融有限公司,21
2023,基本信息不准确,中邮消费金融有限公司,4
2023,否认逾期,马上消费金融股份有限公司,3
2023,基本信息不准确,捷信消费金融有限公司,1
2023,否认逾期,捷信消费金融有限公司,1
2023,否认逾期,捷信消费金融有限公司,1
2023,基本信息不准确,捷信消费金融有限公司,1
2023,基本信息不准确,捷信消费金融有限公司,1
2023,否认逾期,捷信消费金融有限公司,1
2023,否认逾期,海尔消费金融有限公司,5
2023,否认逾期,海尔消费金融有限公司,5
2023,非本人业务,捷信消费金融有限公司,1
2023,非本人业务,捷信消费金融有限公司,1
2023,否认逾期,捷信消费金融有限公司,1
2023,账户状态有误,捷信消费金融有限公司,1
2023,非本人业务,捷信消费金融有限公司,1
2023,否认逾期,马上消费金融股份有限公司,3
2023,非本人业务,捷信消费金融有限公司,1
2024,否认逾期,陕西长银消费金融有限公司,8
2024,基本信息不准确,捷信消费金融有限公司,1
2024,否认逾期,陕西长银消费金融有限公司,8
2024,否认逾期,陕西长银消费金融有限公司,8
2024,非本人业务,招联消费金融股份有限公司,2
2024,代偿,四川锦程消费金融有限责任公司,20
2024,否认逾期,捷信消费金融有限公司,1
2024,否认逾期,捷信消费金融有限公司,1
2024,否认逾期,马上消费金融股份有限公司,3
2024,否认逾期,马上消费金融股份有限公司,3
2024,账户状态有误,中银消费金融有限公司,6
2024,非本人业务,招联消费金融股份有限公司,2
2024,非本人业务,捷信消费金融有限公司,1
2024,否认逾期,马上消费金融股份有限公司,3
2024,否认逾期,河南中原消费金融股份有限公司,7
2024,代偿,四川锦程消费金融有限责任公司,20
2024,否认逾期,捷信消费金融有限公司,1
2024,基本信息不准确,海尔消费金融有限公司,5
2024,非本人业务,湖北消费金融股份有限公司,16
2024,否认逾期,马上消费金融股份有限公司,3
2024,非本人业务,捷信消费金融有限公司,1
2024,否认逾期,捷信消费金融有限公司,1
2024,代偿,厦门金美信消费金融有限责任公司,25
2024,非本人业务,捷信消费金融有限公司,1
2024,非本人业务,捷信消费金融有限公司,1
2024,否认逾期,海尔消费金融有限公司,5
2024,否认逾期,捷信消费金融有限公司,1
2024,否认逾期,捷信消费金融有限公司,1
2024,非本人业务,捷信消费金融有限公司,1
2024,否认逾期,捷信消费金融有限公司,1
2024,否认逾期,招联消费金融股份有限公司,2
2024,基本信息不准确,捷信消费金融有限公司,1
2024,基本信息不准确,捷信消费金融有限公司,1
2024,否认逾期,捷信消费金融有限公司,1
2024,基本信息不准确,湖北消费金融股份有限公司,16
2024,基本信息不准确,中信消费金融有限公司,21
2024,基本信息不准确,捷信消费金融有限公司,1
2024,基本信息不准确,捷信消费金融有限公司,1
2024,基本信息不准确,捷信消费金融有限公司,1
2024,基本信息不准确,马上消费金融股份有限公司,3
2024,账户状态有误,海尔消费金融有限公司,5
2024,非本人业务,马上消费金融股份有限公司,3
2024,非本人业务,捷信消费金融有限公司,1
2024,基本信息不准确,河南中原消费金融股份有限公司,7
2024,基本信息不准确,捷信消费金融有限公司,1
2024,基本信息不准确,捷信消费金融有限公司,1
2024,代偿,四川锦程消费金融有限责任公司,20
2024,账户状态有误,海尔消费金融有限公司,5
2024,基本信息不准确,招联消费金融股份有限公司,2
2024,代偿,厦门金美信消费金融有限责任公司,25
2024,基本信息不准确,北京阳光消费金融股份有限公司,26
2024,代偿,厦门金美信消费金融有限责任公司,25
2024,代偿,厦门金美信消费金融有限责任公司,25
2024,否认逾期,陕西长银消费金融有限公司,8
2024,否认逾期,招联消费金融股份有限公司,2
2024,否认逾期,捷信消费金融有限公司,1
2024,非本人业务,中信消费金融有限公司,21
2024,否认逾期,招联消费金融股份有限公司,2
2024,否认逾期,晋商消费金融股份有限公司,10
2024,否认逾期,中银消费金融有限公司,6
2024,否认逾期,中邮消费金融有限公司,4
2024,基本信息不准确,中邮消费金融有限公司,4
2024,否认逾期,招联消费金融股份有限公司,2
2024,否认逾期,马上消费金融股份有限公司,3
2024,否认逾期,马上消费金融股份有限公司,3
2024,基本信息不准确,捷信消费金融有限公司,1
2024,基本信息不准确,捷信消费金融有限公司,1
2024,否认逾期,招联消费金融股份有限公司,2
2024,否认逾期,捷信消费金融有限公司,1
2024,代偿,盛银消费金融有限公司,24
2024,否认逾期,捷信消费金融有限公司,1
2024,账户状态有误,捷信消费金融有限公司,1
2024,非本人业务,招联消费金融股份有限公司,2
2024,基本信息不准确,捷信消费金融有限公司,1
2024,基本信息不准确,捷信消费金融有限公司,1
2024,否认逾期,马上消费金融股份有限公司,3
2024,非本人业务,马上消费金融股份有限公司,3
2024,否认逾期,杭银消费金融股份有限公司,11
2024,基本信息不准确,陕西长银消费金融有限公司,8
2024,非本人业务,捷信消费金融有限公司,1
2024,代偿,厦门金美信消费金融有限责任公司,25
2024,否认逾期,招联消费金融股份有限公司,2
2024,非本人业务,捷信消费金融有限公司,1
2024,否认逾期,捷信消费金融有限公司,1
2024,否认逾期,捷信消费金融有限公司,1
2024,否认逾期,捷信消费金融有限公司,1
2024,非本人业务,马上消费金融股份有限公司,3
2024,代偿,南银法巴消费金融有限公司,19
2024,否认逾期,招联消费金融股份有限公司,2
2024,基本信息不准确,捷信消费金融有限公司,1
2024,否认逾期,招联消费金融股份有限公司,2
2024,否认逾期,捷信消费金融有限公司,1
2024,基本信息不准确,捷信消费金融有限公司,1
2024,否认逾期,马上消费金融股份有限公司,3
2024,否认逾期,马上消费金融股份有限公司,3
2024,否认逾期,捷信消费金融有限公司,1
2024,否认逾期,招联消费金融股份有限公司,2
2024,否认逾期,捷信消费金融有限公司,1
2024,非本人业务,捷信消费金融有限公司,1
2024,其他,捷信消费金融有限公司,1
2024,基本信息不准确,北京阳光消费金融股份有限公司,26
2024,基本信息不准确,北京阳光消费金融股份有限公司,26
2024,其他,捷信消费金融有限公司,1
2024,非本人业务,南银法巴消费金融有限公司,19
2024,非本人业务,南银法巴消费金融有限公司,19
2024,非本人业务,南银法巴消费金融有限公司,19
2024,非本人业务,南银法巴消费金融有限公司,19
2024,非本人业务,南银法巴消费金融有限公司,19
2024,非本人业务,南银法巴消费金融有限公司,19
2024,非本人业务,南银法巴消费金融有限公司,19
2024,基本信息不准确,捷信消费金融有限公司,1
2024,代偿,四川锦程消费金融有限责任公司,20
2024,基本信息不准确,湖北消费金融股份有限公司,16
2024,非本人业务,南银法巴消费金融有限公司,19
2024,非本人业务,南银法巴消费金融有限公司,19
2024,非本人业务,南银法巴消费金融有限公司,19
2024,非本人业务,南银法巴消费金融有限公司,19
2024,非本人业务,南银法巴消费金融有限公司,19
2024,非本人业务,南银法巴消费金融有限公司,19
2024,基本信息不准确,捷信消费金融有限公司,1
2024,非本人业务,南银法巴消费金融有限公司,19
2024,非本人业务,南银法巴消费金融有限公司,19
2024,非本人业务,南银法巴消费金融有限公司,19
2024,非本人业务,南银法巴消费金融有限公司,19
2024,非本人业务,南银法巴消费金融有限公司,19
2024,非本人业务,南银法巴消费金融有限公司,19
2024,非本人业务,南银法巴消费金融有限公司,19
2024,基本信息不准确,南银法巴消费金融有限公司,19
2024,非本人业务,厦门金美信消费金融有限责任公司,25
2024,非本人业务,哈尔滨哈银消费金融有限责任公司,14
2024,非本人业务,哈尔滨哈银消费金融有限责任公司,14
2024,非本人业务,哈尔滨哈银消费金融有限责任公司,14
2024,账户状态有误,海尔消费金融有限公司,5
2024,非本人业务,哈尔滨哈银消费金融有限责任公司,14
2024,非本人业务,哈尔滨哈银消费金融有限责任公司,14
2024,非本人业务,哈尔滨哈银消费金融有限责任公司,14
2024,非本人业务,哈尔滨哈银消费金融有限责任公司,14
2024,基本信息不准确,北京阳光消费金融股份有限公司,26
2024,账户状态有误,捷信消费金融有限公司,1
2024,基本信息不准确,北京阳光消费金融股份有限公司,26
2024,否认逾期,捷信消费金融有限公司,1
2024,否认逾期,捷信消费金融有限公司,1
2024,其他,湖北消费金融股份有限公司,16
2024,基本信息不准确,中信消费金融有限公司,21
2024,基本信息不准确,捷信消费金融有限公司,1
2024,基本信息不准确,捷信消费金融有限公司,1
2024,基本信息不准确,捷信消费金融有限公司,1
2024,否认逾期,马上消费金融股份有限公司,3
2024,账户状态有误,捷信消费金融有限公司,1
2024,非本人业务,捷信消费金融有限公司,1
2024,基本信息不准确,哈尔滨哈银消费金融有限责任公司,14
2024,否认逾期,中邮消费金融有限公司,4
2024,否认逾期,捷信消费金融有限公司,1
2024,否认逾期,捷信消费金融有限公司,1
2024,基本信息不准确,马上消费金融股份有限公司,3
2024,否认逾期,中邮消费金融有限公司,4
2024,代偿,厦门金美信消费金融有限责任公司,25
2024,代偿,厦门金美信消费金融有限责任公司,25
2024,其他,捷信消费金融有限公司,1
2024,否认逾期,马上消费金融股份有限公司,3
2024,代偿,厦门金美信消费金融有限责任公司,25
2024,非本人业务,捷信消费金融有限公司,1
2024,否认逾期,捷信消费金融有限公司,1
2024,基本信息不准确,河南中原消费金融股份有限公司,7
2024,代偿,厦门金美信消费金融有限责任公司,25
2024,否认逾期,中邮消费金融有限公司,4
2024,基本信息不准确,兴业消费金融股份公司,9
2024,其他,招联消费金融股份有限公司,2
2024,否认逾期,招联消费金融股份有限公司,2
2024,否认逾期,招联消费金融股份有限公司,2
2024,非本人业务,捷信消费金融有限公司,1
2024,非本人业务,中银消费金融有限公司,6
2024,否认逾期,招联消费金融股份有限公司,2
2024,否认逾期,招联消费金融股份有限公司,2
2024,否认逾期,马上消费金融股份有限公司,3
2024,基本信息不准确,捷信消费金融有限公司,1
2024,否认逾期,中邮消费金融有限公司,4
2024,否认逾期,捷信消费金融有限公司,1
2024,代偿,厦门金美信消费金融有限责任公司,25
2024,基本信息不准确,河南中原消费金融股份有限公司,7
2024,非本人业务,捷信消费金融有限公司,1
2024,非本人业务,捷信消费金融有限公司,1
2024,否认逾期,招联消费金融股份有限公司,2
2024,非本人业务,捷信消费金融有限公司,1
2024,否认逾期,捷信消费金融有限公司,1
2024,基本信息不准确,兴业消费金融股份公司,9
2024,其他,内蒙古蒙商消费金融股份有限公司,22
2024,否认逾期,捷信消费金融有限公司,1
2024,否认逾期,海尔消费金融有限公司,5
2024,基本信息不准确,兴业消费金融股份公司,9
2024,非本人业务,湖北消费金融股份有限公司,16
2024,非本人业务,招联消费金融股份有限公司,2
2024,否认逾期,马上消费金融股份有限公司,3
2024,基本信息不准确,中信消费金融有限公司,21
2024,其他,湖北消费金融股份有限公司,16
2024,否认逾期,捷信消费金融有限公司,1
2024,基本信息不准确,海尔消费金融有限公司,5
2024,基本信息不准确,招联消费金融股份有限公司,2
2024,代偿,厦门金美信消费金融有限责任公司,25
2024,非本人业务,招联消费金融股份有限公司,2
2024,基本信息不准确,捷信消费金融有限公司,1
2024,否认逾期,捷信消费金融有限公司,1
2024,代偿,厦门金美信消费金融有限责任公司,25
2024,其他,招联消费金融股份有限公司,2
2024,否认逾期,招联消费金融股份有限公司,2
2024,否认逾期,招联消费金融股份有限公司,2
2024,否认逾期,捷信消费金融有限公司,1
2024,否认逾期,捷信消费金融有限公司,1
2024,否认逾期,捷信消费金融有限公司,1
2024,基本信息不准确,捷信消费金融有限公司,1
2024,基本信息不准确,捷信消费金融有限公司,1
2024,代偿,厦门金美信消费金融有限责任公司,25
2024,非本人业务,捷信消费金融有限公司,1
2024,否认逾期,马上消费金融股份有限公司,3
2024,否认逾期,马上消费金融股份有限公司,3
2024,其他,北京阳光消费金融股份有限公司,26
2024,基本信息不准确,捷信消费金融有限公司,1
2024,基本信息不准确,河南中原消费金融股份有限公司,7
2024,否认逾期,陕西长银消费金融有限公司,8
2024,基本信息不准确,晋商消费金融股份有限公司,10
2024,否认逾期,招联消费金融股份有限公司,2
2024,否认逾期,招联消费金融股份有限公司,2
2024,基本信息不准确,捷信消费金融有限公司,1
2024,基本信息不准确,捷信消费金融有限公司,1
2024,非本人业务,中银消费金融有限公司,6
2024,非本人业务,招联消费金融股份有限公司,2
2024,基本信息不准确,捷信消费金融有限公司,1
2024,否认逾期,马上消费金融股份有限公司,3
2024,代偿,厦门金美信消费金融有限责任公司,25
2024,否认逾期,捷信消费金融有限公司,1
2024,否认逾期,招联消费金融股份有限公司,2
2024,基本信息不准确,捷信消费金融有限公司,1
2024,基本信息不准确,捷信消费金融有限公司,1
2024,非本人业务,捷信消费金融有限公司,1
2024,基本信息不准确,捷信消费金融有限公司,1
2024,基本信息不准确,盛银消费金融有限公司,24
2024,代偿,厦门金美信消费金融有限责任公司,25
2024,否认逾期,捷信消费金融有限公司,1
2024,否认逾期,晋商消费金融股份有限公司,10
2024,基本信息不准确,厦门金美信消费金融有限责任公司,25
2024,基本信息不准确,河南中原消费金融股份有限公司,7
2024,否认逾期,捷信消费金融有限公司,1
2024,非本人业务,捷信消费金融有限公司,1
2024,基本信息不准确,内蒙古蒙商消费金融股份有限公司,22
2024,否认逾期,中邮消费金融有限公司,4
2024,基本信息不准确,海尔消费金融有限公司,5
2024,基本信息不准确,捷信消费金融有限公司,1
2024,基本信息不准确,捷信消费金融有限公司,1
2024,账户状态有误,中银消费金融有限公司,6
2024,基本信息不准确,捷信消费金融有限公司,1
2024,非本人业务,捷信消费金融有限公司,1
2024,基本信息不准确,陕西长银消费金融有限公司,8
2024,否认逾期,湖北消费金融股份有限公司,16
2024,否认逾期,捷信消费金融有限公司,1
2024,否认逾期,捷信消费金融有限公司,1
2024,基本信息不准确,苏银凯基消费金融有限公司,28
2024,基本信息不准确,内蒙古蒙商消费金融股份有限公司,22
2024,基本信息不准确,海尔消费金融有限公司,5
2024,基本信息不准确,中邮消费金融有限公司,4
2024,基本信息不准确,河南中原消费金融股份有限公司,7
2024,非本人业务,捷信消费金融有限公司,1
2024,基本信息不准确,陕西长银消费金融有限公司,8
2024,非本人业务,捷信消费金融有限公司,1
2024,基本信息不准确,四川锦程消费金融有限责任公司,20
2024,基本信息不准确,捷信消费金融有限公司,1
2024,基本信息不准确,浙江宁银消费金融股份有限公司,18
2024,代偿,厦门金美信消费金融有限责任公司,25
2024,基本信息不准确,捷信消费金融有限公司,1
2024,否认逾期,陕西长银消费金融有限公司,8
2024,代偿,厦门金美信消费金融有限责任公司,25
2024,否认逾期,马上消费金融股份有限公司,3
2024,基本信息不准确,捷信消费金融有限公司,1
2024,基本信息不准确,捷信消费金融有限公司,1
2024,基本信息不准确,捷信消费金融有限公司,1
2024,非本人业务,捷信消费金融有限公司,1
2024,否认逾期,海尔消费金融有限公司,5
2024,基本信息不准确,捷信消费金融有限公司,1
2024,基本信息不准确,捷信消费金融有限公司,1
2024,否认逾期,晋商消费金融股份有限公司,10
2024,否认逾期,招联消费金融股份有限公司,2
2024,否认逾期,马上消费金融股份有限公司,3
2024,基本信息不准确,捷信消费金融有限公司,1
2024,基本信息不准确,捷信消费金融有限公司,1
2024,否认逾期,厦门金美信消费金融有限责任公司,25
2024,基本信息不准确,海尔消费金融有限公司,5
2024,非本人业务,招联消费金融股份有限公司,2
2024,非本人业务,重庆蚂蚁消费金融有限公司,13
2024,非本人业务,捷信消费金融有限公司,1
2024,基本信息不准确,南银法巴消费金融有限公司,19
2024,否认逾期,中银消费金融有限公司,6
2024,基本信息不准确,兴业消费金融股份公司,9
2024,代偿,厦门金美信消费金融有限责任公司,25
2024,否认逾期,招联消费金融股份有限公司,2
2024,否认逾期,中银消费金融有限公司,6
2024,基本信息不准确,中信消费金融有限公司,21
2024,非本人业务,捷信消费金融有限公司,1
2024,基本信息不准确,中邮消费金融有限公司,4
2024,其他,马上消费金融股份有限公司,3
2024,非本人业务,南银法巴消费金融有限公司,19
2024,否认逾期,晋商消费金融股份有限公司,10
2024,否认逾期,捷信消费金融有限公司,1
2024,非本人业务,南银法巴消费金融有限公司,19
2024,否认逾期,晋商消费金融股份有限公司,10
2024,基本信息不准确,捷信消费金融有限公司,1
2024,否认逾期,马上消费金融股份有限公司,3
2024,否认逾期,中邮消费金融有限公司,4
2024,基本信息不准确,中银消费金融有限公司,6
2024,基本信息不准确,晋商消费金融股份有限公司,10
2024,否认逾期,招联消费金融股份有限公司,2
2024,非本人业务,重庆蚂蚁消费金融有限公司,13
2024,非本人业务,捷信消费金融有限公司,1
2024,账户状态有误,捷信消费金融有限公司,1
2024,基本信息不准确,兴业消费金融股份公司,9
2024,非本人业务,捷信消费金融有限公司,1
2024,基本信息不准确,捷信消费金融有限公司,1
2024,否认逾期,招联消费金融股份有限公司,2
2024,代偿,厦门金美信消费金融有限责任公司,25
2024,基本信息不准确,捷信消费金融有限公司,1
2024,基本信息不准确,捷信消费金融有限公司,1
2024,其他,厦门金美信消费金融有限责任公司,25
2024,其他,厦门金美信消费金融有限责任公司,25
2024,基本信息不准确,中邮消费金融有限公司,4
2024,非本人业务,招联消费金融股份有限公司,2
2024,基本信息不准确,湖北消费金融股份有限公司,16
2024,基本信息不准确,湖北消费金融股份有限公司,16
2024,代偿,厦门金美信消费金融有限责任公司,25
2024,基本信息不准确,海尔消费金融有限公司,5
2024,基本信息不准确,捷信消费金融有限公司,1
2024,基本信息不准确,捷信消费金融有限公司,1
2024,非本人业务,南银法巴消费金融有限公司,19
2024,非本人业务,中邮消费金融有限公司,4
2024,基本信息不准确,捷信消费金融有限公司,1
2024,基本信息不准确,捷信消费金融有限公司,1
2024,基本信息不准确,中银消费金融有限公司,6
2024,基本信息不准确,中银消费金融有限公司,6
2024,账户状态有误,中银消费金融有限公司,6
2024,基本信息不准确,河南中原消费金融股份有限公司,7
2024,基本信息不准确,河南中原消费金融股份有限公司,7
2024,基本信息不准确,陕西长银消费金融有限公司,8
2024,否认逾期,招联消费金融股份有限公司,2
2024,否认逾期,招联消费金融股份有限公司,2
2024,账户状态有误,马上消费金融股份有限公司,3
2024,基本信息不准确,捷信消费金融有限公司,1
2024,非本人业务,捷信消费金融有限公司,1
2024,非本人业务,南银法巴消费金融有限公司,19
2024,基本信息不准确,捷信消费金融有限公司,1
2024,否认逾期,马上消费金融股份有限公司,3
2024,否认逾期,兴业消费金融股份公司,9
2024,其他,陕西长银消费金融有限公司,8
2024,否认逾期,捷信消费金融有限公司,1
2024,基本信息不准确,捷信消费金融有限公司,1
2024,否认逾期,重庆蚂蚁消费金融有限公司,13
2024,非本人业务,捷信消费金融有限公司,1
2024,否认逾期,马上消费金融股份有限公司,3
2024,非本人业务,捷信消费金融有限公司,1
2024,基本信息不准确,捷信消费金融有限公司,1
2024,否认逾期,马上消费金融股份有限公司,3
2024,否认逾期,河南中原消费金融股份有限公司,7
2024,账户状态有误,中银消费金融有限公司,6
2024,基本信息不准确,兴业消费金融股份公司,9
2024,否认逾期,四川锦程消费金融有限责任公司,20
2024,否认逾期,海尔消费金融有限公司,5
2024,基本信息不准确,厦门金美信消费金融有限责任公司,25
2024,否认逾期,捷信消费金融有限公司,1
2024,基本信息不准确,捷信消费金融有限公司,1
2024,基本信息不准确,中信消费金融有限公司,21
2024,否认逾期,马上消费金融股份有限公司,3
2024,基本信息不准确,南银法巴消费金融有限公司,19
2024,否认逾期,捷信消费金融有限公司,1
2024,非本人业务,捷信消费金融有限公司,1
2024,否认逾期,重庆蚂蚁消费金融有限公司,13
2024,否认逾期,重庆蚂蚁消费金融有限公司,13
2024,否认逾期,招联消费金融股份有限公司,2
2024,否认逾期,招联消费金融股份有限公司,2
2024,基本信息不准确,捷信消费金融有限公司,1
2024,基本信息不准确,捷信消费金融有限公司,1
2024,账户状态有误,招联消费金融股份有限公司,2
2024,基本信息不准确,捷信消费金融有限公司,1
2024,非本人业务,捷信消费金融有限公司,1
2024,否认逾期,河南中原消费金融股份有限公司,7
2024,否认逾期,河南中原消费金融股份有限公司,7
2024,否认逾期,马上消费金融股份有限公司,3
2024,否认逾期,河南中原消费金融股份有限公司,7
2024,否认逾期,河南中原消费金融股份有限公司,7
2024,基本信息不准确,河南中原消费金融股份有限公司,7
2024,否认逾期,马上消费金融股份有限公司,3
2024,基本信息不准确,捷信消费金融有限公司,1
2024,基本信息不准确,海尔消费金融有限公司,5
2024,基本信息不准确,陕西长银消费金融有限公司,8
2024,基本信息不准确,中邮消费金融有限公司,4
2024,基本信息不准确,陕西长银消费金融有限公司,8
2024,否认逾期,马上消费金融股份有限公司,3
2024,否认逾期,马上消费金融股份有限公司,3
2024,否认逾期,四川锦程消费金融有限责任公司,20
2024,否认逾期,捷信消费金融有限公司,1
2024,非本人业务,捷信消费金融有限公司,1
2024,非本人业务,捷信消费金融有限公司,1
2024,否认逾期,捷信消费金融有限公司,1
2024,基本信息不准确,河南中原消费金融股份有限公司,7
2024,基本信息不准确,捷信消费金融有限公司,1
2024,非本人业务,马上消费金融股份有限公司,3
2024,否认逾期,马上消费金融股份有限公司,3
2024,基本信息不准确,厦门金美信消费金融有限责任公司,25
2024,其他,杭银消费金融股份有限公司,11
2024,基本信息不准确,捷信消费金融有限公司,1
2024,基本信息不准确,兴业消费金融股份公司,9
2024,基本信息不准确,兴业消费金融股份公司,9
2024,基本信息不准确,哈尔滨哈银消费金融有限责任公司,14
2024,基本信息不准确,中邮消费金融有限公司,4
2024,否认逾期,捷信消费金融有限公司,1
2024,基本信息不准确,兴业消费金融股份公司,9
2024,基本信息不准确,兴业消费金融股份公司,9
2024,非本人业务,马上消费金融股份有限公司,3
2024,基本信息不准确,捷信消费金融有限公司,1
2024,否认逾期,捷信消费金融有限公司,1
2024,否认逾期,马上消费金融股份有限公司,3
2024,否认逾期,招联消费金融股份有限公司,2
2024,基本信息不准确,晋商消费金融股份有限公司,10
2024,基本信息不准确,杭银消费金融股份有限公司,11
2024,否认逾期,招联消费金融股份有限公司,2
2024,否认逾期,中信消费金融有限公司,21
2024,否认逾期,中邮消费金融有限公司,4
2024,否认逾期,捷信消费金融有限公司,1
2024,否认逾期,捷信消费金融有限公司,1
2024,代偿,四川锦程消费金融有限责任公司,20
2024,否认逾期,招联消费金融股份有限公司,2
2024,基本信息不准确,中银消费金融有限公司,6
2024,否认逾期,捷信消费金融有限公司,1
2024,代偿,厦门金美信消费金融有限责任公司,25
2024,否认逾期,海尔消费金融有限公司,5
2024,否认逾期,海尔消费金融有限公司,5
2024,基本信息不准确,兴业消费金融股份公司,9
2024,基本信息不准确,兴业消费金融股份公司,9
2024,非本人业务,捷信消费金融有限公司,1
2024,否认逾期,陕西长银消费金融有限公司,8
2024,代偿,盛银消费金融有限公司,24
2024,基本信息不准确,中信消费金融有限公司,21
2024,基本信息不准确,捷信消费金融有限公司,1
2024,基本信息不准确,捷信消费金融有限公司,1
2024,代偿,哈尔滨哈银消费金融有限责任公司,14
2024,基本信息不准确,捷信消费金融有限公司,1
2024,基本信息不准确,捷信消费金融有限公司,1
2024,账户状态有误,招联消费金融股份有限公司,2
2024,基本信息不准确,捷信消费金融有限公司,1
2024,基本信息不准确,捷信消费金融有限公司,1
2024,基本信息不准确,中邮消费金融有限公司,4
2024,基本信息不准确,捷信消费金融有限公司,1
2024,基本信息不准确,捷信消费金融有限公司,1
2024,非本人业务,捷信消费金融有限公司,1
2024,非本人业务,招联消费金融股份有限公司,2
2024,否认逾期,捷信消费金融有限公司,1
2024,否认逾期,湖北消费金融股份有限公司,16
2024,非本人业务,捷信消费金融有限公司,1
2024,代偿,四川锦程消费金融有限责任公司,20
2024,基本信息不准确,捷信消费金融有限公司,1
2024,非本人业务,捷信消费金融有限公司,1
2024,否认逾期,中银消费金融有限公司,6
2024,基本信息不准确,捷信消费金融有限公司,1
2024,基本信息不准确,陕西长银消费金融有限公司,8
2024,基本信息不准确,中信消费金融有限公司,21
2024,账户状态有误,中银消费金融有限公司,6
2024,基本信息不准确,捷信消费金融有限公司,1
2024,基本信息不准确,捷信消费金融有限公司,1
2024,否认逾期,海尔消费金融有限公司,5
2024,基本信息不准确,河南中原消费金融股份有限公司,7
2024,否认逾期,招联消费金融股份有限公司,2
2024,代偿,厦门金美信消费金融有限责任公司,25
2024,基本信息不准确,河南中原消费金融股份有限公司,7
2024,基本信息不准确,捷信消费金融有限公司,1
2024,否认逾期,杭银消费金融股份有限公司,11
2024,否认逾期,重庆蚂蚁消费金融有限公司,13
2024,否认逾期,招联消费金融股份有限公司,2
2024,非本人业务,马上消费金融股份有限公司,3
2024,否认逾期,招联消费金融股份有限公司,2
2024,否认逾期,重庆蚂蚁消费金融有限公司,13
2024,否认逾期,招联消费金融股份有限公司,2
2024,非本人业务,招联消费金融股份有限公司,2
2024,非本人业务,招联消费金融股份有限公司,2
2024,否认逾期,招联消费金融股份有限公司,2
2024,否认逾期,海尔消费金融有限公司,5
2024,否认逾期,马上消费金融股份有限公司,3
2024,否认逾期,中邮消费金融有限公司,4
2024,代偿,四川锦程消费金融有限责任公司,20
2024,基本信息不准确,捷信消费金融有限公司,1
2024,基本信息不准确,捷信消费金融有限公司,1
2024,基本信息不准确,捷信消费金融有限公司,1
2024,否认逾期,捷信消费金融有限公司,1
2024,非本人业务,捷信消费金融有限公司,1
2024,基本信息不准确,捷信消费金融有限公司,1
2024,基本信息不准确,捷信消费金融有限公司,1
2024,基本信息不准确,捷信消费金融有限公司,1
2024,非本人业务,马上消费金融股份有限公司,3
2024,代偿,四川锦程消费金融有限责任公司,20
2024,非本人业务,厦门金美信消费金融有限责任公司,25
2024,否认逾期,招联消费金融股份有限公司,2
2024,基本信息不准确,河南中原消费金融股份有限公司,7
2024,否认逾期,捷信消费金融有限公司,1
2024,非本人业务,捷信消费金融有限公司,1
2024,否认逾期,捷信消费金融有限公司,1
2024,非本人业务,捷信消费金融有限公司,1
2024,否认逾期,陕西长银消费金融有限公司,8
2024,基本信息不准确,陕西长银消费金融有限公司,8
2024,否认逾期,招联消费金融股份有限公司,2
2024,否认逾期,湖北消费金融股份有限公司,16
2024,基本信息不准确,南银法巴消费金融有限公司,19
2024,否认逾期,招联消费金融股份有限公司,2
2024,基本信息不准确,南银法巴消费金融有限公司,19
2024,基本信息不准确,捷信消费金融有限公司,1
2024,基本信息不准确,捷信消费金融有限公司,1
2024,否认逾期,湖北消费金融股份有限公司,16
2024,基本信息不准确,苏银凯基消费金融有限公司,28
2024,否认逾期,兴业消费金融股份公司,9
2024,基本信息不准确,湖北消费金融股份有限公司,16
2024,否认逾期,招联消费金融股份有限公司,2
2024,否认逾期,招联消费金融股份有限公司,2
2024,否认逾期,招联消费金融股份有限公司,2
2024,否认逾期,招联消费金融股份有限公司,2
2024,否认逾期,招联消费金融股份有限公司,2
2024,否认逾期,招联消费金融股份有限公司,2
2024,否认逾期,招联消费金融股份有限公司,2
2024,否认逾期,捷信消费金融有限公司,1
2024,否认逾期,湖北消费金融股份有限公司,16
2024,账户状态有误,招联消费金融股份有限公司,2
2024,基本信息不准确,海尔消费金融有限公司,5
2024,基本信息不准确,捷信消费金融有限公司,1
2024,非本人业务,招联消费金融股份有限公司,2
2024,否认逾期,招联消费金融股份有限公司,2
2024,基本信息不准确,中邮消费金融有限公司,4
2024,否认逾期,中邮消费金融有限公司,4
2024,否认逾期,捷信消费金融有限公司,1
2024,非本人业务,招联消费金融股份有限公司,2
2024,非本人业务,招联消费金融股份有限公司,2
2024,基本信息不准确,晋商消费金融股份有限公司,10
2024,否认逾期,招联消费金融股份有限公司,2
2024,基本信息不准确,厦门金美信消费金融有限责任公司,25
2024,否认逾期,晋商消费金融股份有限公司,10
2024,否认逾期,招联消费金融股份有限公司,2
2024,否认逾期,招联消费金融股份有限公司,2
2024,否认逾期,马上消费金融股份有限公司,3
2024,否认逾期,招联消费金融股份有限公司,2
2024,否认逾期,招联消费金融股份有限公司,2
2024,否认逾期,招联消费金融股份有限公司,2
2024,否认逾期,招联消费金融股份有限公司,2
2024,否认逾期,招联消费金融股份有限公司,2
2024,否认逾期,马上消费金融股份有限公司,3
2024,否认逾期,捷信消费金融有限公司,1
2024,基本信息不准确,陕西长银消费金融有限公司,8
2024,基本信息不准确,陕西长银消费金融有限公司,8
2024,否认逾期,马上消费金融股份有限公司,3
2024,否认逾期,招联消费金融股份有限公司,2
2024,基本信息不准确,捷信消费金融有限公司,1
2024,基本信息不准确,捷信消费金融有限公司,1
2024,否认逾期,中邮消费金融有限公司,4
2024,基本信息不准确,捷信消费金融有限公司,1
2024,否认逾期,招联消费金融股份有限公司,2
2024,基本信息不准确,捷信消费金融有限公司,1
2024,基本信息不准确,捷信消费金融有限公司,1
2024,否认逾期,招联消费金融股份有限公司,2
2024,非本人业务,马上消费金融股份有限公司,3
2024,非本人业务,马上消费金融股份有限公司,3
2024,否认逾期,厦门金美信消费金融有限责任公司,25
2024,非本人业务,马上消费金融股份有限公司,3
2024,否认逾期,晋商消费金融股份有限公司,10
2024,非本人业务,马上消费金融股份有限公司,3
2024,非本人业务,马上消费金融股份有限公司,3
2024,非本人业务,马上消费金融股份有限公司,3
2024,否认逾期,招联消费金融股份有限公司,2
2024,基本信息不准确,捷信消费金融有限公司,1
2024,否认逾期,马上消费金融股份有限公司,3
2024,否认逾期,招联消费金融股份有限公司,2
2024,非本人业务,招联消费金融股份有限公司,2
2024,基本信息不准确,河南中原消费金融股份有限公司,7
2024,基本信息不准确,南银法巴消费金融有限公司,19
2024,基本信息不准确,捷信消费金融有限公司,1
2024,基本信息不准确,中邮消费金融有限公司,4
2024,基本信息不准确,捷信消费金融有限公司,1
2024,否认逾期,杭银消费金融股份有限公司,11
2024,非本人业务,马上消费金融股份有限公司,3
2024,非本人业务,马上消费金融股份有限公司,3
2024,非本人业务,马上消费金融股份有限公司,3
2024,非本人业务,马上消费金融股份有限公司,3
2024,非本人业务,马上消费金融股份有限公司,3
2024,非本人业务,捷信消费金融有限公司,1
2024,非本人业务,马上消费金融股份有限公司,3
2024,非本人业务,马上消费金融股份有限公司,3
2024,基本信息不准确,海尔消费金融有限公司,5
2024,否认逾期,捷信消费金融有限公司,1
2024,非本人业务,马上消费金融股份有限公司,3
2024,基本信息不准确,厦门金美信消费金融有限责任公司,25
2024,非本人业务,马上消费金融股份有限公司,3
2024,非本人业务,马上消费金融股份有限公司,3
2024,基本信息不准确,厦门金美信消费金融有限责任公司,25
2024,账户状态有误,海尔消费金融有限公司,5
2024,账户状态有误,海尔消费金融有限公司,5
2024,否认逾期,厦门金美信消费金融有限责任公司,25
2024,非本人业务,捷信消费金融有限公司,1
2024,非本人业务,捷信消费金融有限公司,1
2024,基本信息不准确,捷信消费金融有限公司,1
2024,非本人业务,捷信消费金融有限公司,1
2024,否认逾期,马上消费金融股份有限公司,3
2024,否认逾期,招联消费金融股份有限公司,2
2024,基本信息不准确,捷信消费金融有限公司,1
2024,否认逾期,马上消费金融股份有限公司,3
2024,否认逾期,捷信消费金融有限公司,1
2024,非本人业务,捷信消费金融有限公司,1
2024,基本信息不准确,海尔消费金融有限公司,5
2024,基本信息不准确,兴业消费金融股份公司,9
2024,基本信息不准确,陕西长银消费金融有限公司,8
2024,账户状态有误,捷信消费金融有限公司,1
2024,否认逾期,苏银凯基消费金融有限公司,28
2024,否认逾期,重庆蚂蚁消费金融有限公司,13
2024,否认逾期,重庆蚂蚁消费金融有限公司,13
2024,基本信息不准确,湖北消费金融股份有限公司,16
2024,否认逾期,中邮消费金融有限公司,4
2024,非本人业务,捷信消费金融有限公司,1
2024,基本信息不准确,中银消费金融有限公司,6
2024,基本信息不准确,北京阳光消费金融股份有限公司,26
2024,否认逾期,杭银消费金融股份有限公司,11
2024,非本人业务,捷信消费金融有限公司,1
2024,否认逾期,中银消费金融有限公司,6
2024,否认逾期,捷信消费金融有限公司,1
2024,非本人业务,捷信消费金融有限公司,1
2024,否认逾期,捷信消费金融有限公司,1
2024,基本信息不准确,捷信消费金融有限公司,1
2024,否认逾期,马上消费金融股份有限公司,3
2024,基本信息不准确,捷信消费金融有限公司,1
2024,基本信息不准确,捷信消费金融有限公司,1
2024,否认逾期,捷信消费金融有限公司,1
2024,账户状态有误,招联消费金融股份有限公司,2
2024,基本信息不准确,河南中原消费金融股份有限公司,7
2024,否认逾期,捷信消费金融有限公司,1
2024,否认逾期,陕西长银消费金融有限公司,8
2024,否认逾期,招联消费金融股份有限公司,2
2024,基本信息不准确,捷信消费金融有限公司,1
2024,基本信息不准确,捷信消费金融有限公司,1
2024,基本信息不准确,捷信消费金融有限公司,1
2024,基本信息不准确,兴业消费金融股份公司,9
2024,基本信息不准确,捷信消费金融有限公司,1
2024,否认逾期,陕西长银消费金融有限公司,8
2024,否认逾期,陕西长银消费金融有限公司,8
2024,非本人业务,捷信消费金融有限公司,1
2024,基本信息不准确,捷信消费金融有限公司,1
2024,非本人业务,招联消费金融股份有限公司,2
2024,代偿,盛银消费金融有限公司,24
2024,代偿,厦门金美信消费金融有限责任公司,25
2024,基本信息不准确,兴业消费金融股份公司,9
2024,非本人业务,捷信消费金融有限公司,1
2024,否认逾期,陕西长银消费金融有限公司,8
2024,非本人业务,捷信消费金融有限公司,1
2024,非本人业务,马上消费金融股份有限公司,3
2024,非本人业务,马上消费金融股份有限公司,3
2024,否认逾期,晋商消费金融股份有限公司,10
2024,基本信息不准确,捷信消费金融有限公司,1
2024,否认逾期,招联消费金融股份有限公司,2
2024,基本信息不准确,河南中原消费金融股份有限公司,7
2024,基本信息不准确,捷信消费金融有限公司,1
2024,代偿,厦门金美信消费金融有限责任公司,25
2024,非本人业务,捷信消费金融有限公司,1
2024,基本信息不准确,捷信消费金融有限公司,1
2024,基本信息不准确,湖北消费金融股份有限公司,16
2024,否认逾期,捷信消费金融有限公司,1
2024,基本信息不准确,南银法巴消费金融有限公司,19
2024,基本信息不准确,南银法巴消费金融有限公司,19
2024,否认逾期,捷信消费金融有限公司,1
2024,否认逾期,杭银消费金融股份有限公司,11
2024,基本信息不准确,捷信消费金融有限公司,1
2024,基本信息不准确,捷信消费金融有限公司,1
2024,否认逾期,马上消费金融股份有限公司,3
2024,否认逾期,马上消费金融股份有限公司,3
2024,基本信息不准确,捷信消费金融有限公司,1
2024,非本人业务,捷信消费金融有限公司,1
2024,否认逾期,盛银消费金融有限公司,24
2024,否认逾期,马上消费金融股份有限公司,3
2024,否认逾期,捷信消费金融有限公司,1
2024,基本信息不准确,杭银消费金融股份有限公司,11
2024,否认逾期,捷信消费金融有限公司,1
2024,否认逾期,马上消费金融股份有限公司,3
2024,否认逾期,中邮消费金融有限公司,4
2024,基本信息不准确,湖北消费金融股份有限公司,16
2024,基本信息不准确,捷信消费金融有限公司,1
2024,基本信息不准确,苏银凯基消费金融有限公司,28
2024,否认逾期,中银消费金融有限公司,6
2024,否认逾期,中银消费金融有限公司,6
2024,基本信息不准确,捷信消费金融有限公司,1
2024,基本信息不准确,捷信消费金融有限公司,1
2024,否认逾期,马上消费金融股份有限公司,3
2024,否认逾期,招联消费金融股份有限公司,2
2024,代偿,厦门金美信消费金融有限责任公司,25
2024,否认逾期,捷信消费金融有限公司,1
2024,基本信息不准确,捷信消费金融有限公司,1
2024,基本信息不准确,捷信消费金融有限公司,1
2024,否认逾期,马上消费金融股份有限公司,3
2024,基本信息不准确,湖南长银五八消费金融股份有限公司,29
2024,基本信息不准确,捷信消费金融有限公司,1
2024,非本人业务,捷信消费金融有限公司,1
2024,非本人业务,马上消费金融股份有限公司,3
2024,账户状态有误,海尔消费金融有限公司,5
2024,基本信息不准确,捷信消费金融有限公司,1
2024,否认逾期,杭银消费金融股份有限公司,11
2024,否认逾期,捷信消费金融有限公司,1
2024,基本信息不准确,捷信消费金融有限公司,1
2024,基本信息不准确,湖南长银五八消费金融股份有限公司,29
2024,基本信息不准确,捷信消费金融有限公司,1
2024,代偿,哈尔滨哈银消费金融有限责任公司,14
2024,基本信息不准确,北京阳光消费金融股份有限公司,26
2024,非本人业务,捷信消费金融有限公司,1
2024,否认逾期,招联消费金融股份有限公司,2
2024,否认逾期,招联消费金融股份有限公司,2
2024,基本信息不准确,捷信消费金融有限公司,1
2024,基本信息不准确,中信消费金融有限公司,21
2024,基本信息不准确,捷信消费金融有限公司,1
2024,否认逾期,捷信消费金融有限公司,1
2024,基本信息不准确,河南中原消费金融股份有限公司,7
2024,基本信息不准确,内蒙古蒙商消费金融股份有限公司,22
2024,非本人业务,捷信消费金融有限公司,1
2024,非本人业务,捷信消费金融有限公司,1
2024,否认逾期,中信消费金融有限公司,21
2024,非本人业务,招联消费金融股份有限公司,2
2024,否认逾期,南银法巴消费金融有限公司,19
2024,否认逾期,晋商消费金融股份有限公司,10
2024,否认逾期,晋商消费金融股份有限公司,10
2024,账户状态有误,湖北消费金融股份有限公司,16
2024,代偿,厦门金美信消费金融有限责任公司,25
2024,基本信息不准确,捷信消费金融有限公司,1
2024,基本信息不准确,捷信消费金融有限公司,1
2024,基本信息不准确,捷信消费金融有限公司,1
2024,否认逾期,重庆蚂蚁消费金融有限公司,13
2024,基本信息不准确,中邮消费金融有限公司,4
2024,基本信息不准确,河南中原消费金融股份有限公司,7
2024,基本信息不准确,海尔消费金融有限公司,5
2024,非本人业务,捷信消费金融有限公司,1
2024,代偿,厦门金美信消费金融有限责任公司,25
2024,否认逾期,晋商消费金融股份有限公司,10
2024,非本人业务,捷信消费金融有限公司,1
2024,代偿,厦门金美信消费金融有限责任公司,25
2024,否认逾期,重庆蚂蚁消费金融有限公司,13
2024,基本信息不准确,捷信消费金融有限公司,1
2024,基本信息不准确,海尔消费金融有限公司,5
2024,账户状态有误,捷信消费金融有限公司,1
2024,否认逾期,捷信消费金融有限公司,1
2024,代偿,厦门金美信消费金融有限责任公司,25
2024,否认逾期,杭银消费金融股份有限公司,11
2024,否认逾期,马上消费金融股份有限公司,3
2024,非本人业务,捷信消费金融有限公司,1
2024,否认逾期,马上消费金融股份有限公司,3
2024,否认逾期,厦门金美信消费金融有限责任公司,25
2024,否认逾期,捷信消费金融有限公司,1
2024,代偿,厦门金美信消费金融有限责任公司,25
2024,否认逾期,马上消费金融股份有限公司,3
2024,否认逾期,捷信消费金融有限公司,1
2024,否认逾期,马上消费金融股份有限公司,3
2024,否认逾期,捷信消费金融有限公司,1
2024,非本人业务,捷信消费金融有限公司,1
2024,否认逾期,招联消费金融股份有限公司,2
2024,否认逾期,马上消费金融股份有限公司,3
2024,否认逾期,招联消费金融股份有限公司,2
2024,否认逾期,捷信消费金融有限公司,1
2024,基本信息不准确,捷信消费金融有限公司,1
2024,否认逾期,杭银消费金融股份有限公司,11
2024,其他,捷信消费金融有限公司,1
2024,其他,捷信消费金融有限公司,1
2024,否认逾期,南银法巴消费金融有限公司,19
2024,否认逾期,招联消费金融股份有限公司,2
2024,非本人业务,捷信消费金融有限公司,1
2024,否认逾期,招联消费金融股份有限公司,2
2024,否认逾期,马上消费金融股份有限公司,3
2024,账户状态有误,中银消费金融有限公司,6
2024,非本人业务,捷信消费金融有限公司,1
2024,否认逾期,招联消费金融股份有限公司,2
2024,基本信息不准确,陕西长银消费金融有限公司,8
2024,基本信息不准确,捷信消费金融有限公司,1
2024,基本信息不准确,海尔消费金融有限公司,5
2024,否认逾期,马上消费金融股份有限公司,3
2024,否认逾期,杭银消费金融股份有限公司,11
2024,否认逾期,陕西长银消费金融有限公司,8
2024,否认逾期,捷信消费金融有限公司,1
2024,基本信息不准确,捷信消费金融有限公司,1
2024,基本信息不准确,捷信消费金融有限公司,1
2024,基本信息不准确,捷信消费金融有限公司,1
2024,非本人业务,捷信消费金融有限公司,1
2024,非本人业务,马上消费金融股份有限公司,3
2024,否认逾期,重庆蚂蚁消费金融有限公司,13
2024,非本人业务,招联消费金融股份有限公司,2
2024,否认逾期,马上消费金融股份有限公司,3
2024,否认逾期,海尔消费金融有限公司,5
2024,否认逾期,河南中原消费金融股份有限公司,7
2024,非本人业务,招联消费金融股份有限公司,2
2024,基本信息不准确,苏银凯基消费金融有限公司,28
2024,基本信息不准确,苏银凯基消费金融有限公司,28
2024,否认逾期,招联消费金融股份有限公司,2
2024,否认逾期,中银消费金融有限公司,6
2024,否认逾期,河南中原消费金融股份有限公司,7
2024,否认逾期,马上消费金融股份有限公司,3
2024,基本信息不准确,苏银凯基消费金融有限公司,28
2024,基本信息不准确,苏银凯基消费金融有限公司,28
2024,代偿,厦门金美信消费金融有限责任公司,25
2024,基本信息不准确,捷信消费金融有限公司,1
2024,基本信息不准确,捷信消费金融有限公司,1
2024,否认逾期,招联消费金融股份有限公司,2
2024,否认逾期,招联消费金融股份有限公司,2
2024,否认逾期,招联消费金融股份有限公司,2
2024,否认逾期,招联消费金融股份有限公司,2
2024,否认逾期,招联消费金融股份有限公司,2
2024,否认逾期,招联消费金融股份有限公司,2
2024,否认逾期,招联消费金融股份有限公司,2
2024,否认逾期,招联消费金融股份有限公司,2
2024,否认逾期,招联消费金融股份有限公司,2
2024,基本信息不准确,海尔消费金融有限公司,5
2024,基本信息不准确,捷信消费金融有限公司,1
2024,基本信息不准确,捷信消费金融有限公司,1
2024,基本信息不准确,捷信消费金融有限公司,1
2024,否认逾期,招联消费金融股份有限公司,2
2024,基本信息不准确,马上消费金融股份有限公司,3
2024,非本人业务,中银消费金融有限公司,6
2024,非本人业务,捷信消费金融有限公司,1
2024,否认逾期,马上消费金融股份有限公司,3
2024,其他,招联消费金融股份有限公司,2
2024,否认逾期,湖北消费金融股份有限公司,16
2024,非本人业务,捷信消费金融有限公司,1
2024,非本人业务,捷信消费金融有限公司,1
2024,否认逾期,捷信消费金融有限公司,1
2024,账户状态有误,陕西长银消费金融有限公司,8
2024,基本信息不准确,陕西长银消费金融有限公司,8
2024,基本信息不准确,晋商消费金融股份有限公司,10
2024,基本信息不准确,海尔消费金融有限公司,5
2024,否认逾期,马上消费金融股份有限公司,3
2024,非本人业务,招联消费金融股份有限公司,2
2024,否认逾期,海尔消费金融有限公司,5
2024,基本信息不准确,陕西长银消费金融有限公司,8
2024,否认逾期,捷信消费金融有限公司,1
2024,否认逾期,海尔消费金融有限公司,5
2024,其他,杭银消费金融股份有限公司,11
2024,基本信息不准确,中信消费金融有限公司,21
2024,非本人业务,捷信消费金融有限公司,1
2024,否认逾期,招联消费金融股份有限公司,2
2024,基本信息不准确,捷信消费金融有限公司,1
2024,否认逾期,捷信消费金融有限公司,1
2024,非本人业务,捷信消费金融有限公司,1
2024,非本人业务,招联消费金融股份有限公司,2
2024,否认逾期,重庆蚂蚁消费金融有限公司,13
2024,非本人业务,捷信消费金融有限公司,1
2024,否认逾期,马上消费金融股份有限公司,3
2024,否认逾期,重庆蚂蚁消费金融有限公司,13
2024,基本信息不准确,捷信消费金融有限公司,1
2024,基本信息不准确,海尔消费金融有限公司,5
2024,否认逾期,捷信消费金融有限公司,1
2024,基本信息不准确,内蒙古蒙商消费金融股份有限公司,22
2024,否认逾期,捷信消费金融有限公司,1
2024,基本信息不准确,海尔消费金融有限公司,5
2024,基本信息不准确,湖北消费金融股份有限公司,16
2024,基本信息不准确,湖北消费金融股份有限公司,16
2024,非本人业务,捷信消费金融有限公司,1
2024,否认逾期,中银消费金融有限公司,6
2024,否认逾期,中银消费金融有限公司,6
2024,非本人业务,招联消费金融股份有限公司,2
2024,非本人业务,捷信消费金融有限公司,1
2024,基本信息不准确,苏银凯基消费金融有限公司,28
2024,否认逾期,招联消费金融股份有限公司,2
2024,账户状态有误,中银消费金融有限公司,6
2024,否认逾期,兴业消费金融股份公司,9
2024,基本信息不准确,捷信消费金融有限公司,1
2024,否认逾期,马上消费金融股份有限公司,3
2024,非本人业务,捷信消费金融有限公司,1
2024,否认逾期,兴业消费金融股份公司,9
2024,基本信息不准确,南银法巴消费金融有限公司,19
2024,基本信息不准确,捷信消费金融有限公司,1
2024,基本信息不准确,苏银凯基消费金融有限公司,28
2024,否认逾期,招联消费金融股份有限公司,2
2024,基本信息不准确,中银消费金融有限公司,6
2024,基本信息不准确,捷信消费金融有限公司,1
2024,其他,平安消费金融有限公司,27
2024,否认逾期,招联消费金融股份有限公司,2
2024,否认逾期,招联消费金融股份有限公司,2
2024,非本人业务,招联消费金融股份有限公司,2
2024,基本信息不准确,晋商消费金融股份有限公司,10
2024,否认逾期,捷信消费金融有限公司,1
2024,代偿,北京阳光消费金融股份有限公司,26
2024,非本人业务,捷信消费金融有限公司,1
2024,基本信息不准确,捷信消费金融有限公司,1
2024,基本信息不准确,捷信消费金融有限公司,1
2024,否认逾期,捷信消费金融有限公司,1
2024,代偿,四川锦程消费金融有限责任公司,20
2024,基本信息不准确,湖北消费金融股份有限公司,16
2024,非本人业务,捷信消费金融有限公司,1
2024,否认逾期,招联消费金融股份有限公司,2
2024,基本信息不准确,厦门金美信消费金融有限责任公司,25
2024,基本信息不准确,捷信消费金融有限公司,1
2024,非本人业务,捷信消费金融有限公司,1
2024,基本信息不准确,兴业消费金融股份公司,9
2024,否认逾期,重庆蚂蚁消费金融有限公司,13
2024,非本人业务,捷信消费金融有限公司,1
2024,基本信息不准确,捷信消费金融有限公司,1
2024,基本信息不准确,捷信消费金融有限公司,1
2024,否认逾期,捷信消费金融有限公司,1
2024,基本信息不准确,捷信消费金融有限公司,1
2024,基本信息不准确,捷信消费金融有限公司,1
2024,否认逾期,捷信消费金融有限公司,1
2024,否认逾期,马上消费金融股份有限公司,3
2024,非本人业务,杭银消费金融股份有限公司,11
2024,否认逾期,捷信消费金融有限公司,1
2024,否认逾期,马上消费金融股份有限公司,3
2024,基本信息不准确,苏银凯基消费金融有限公司,28
2024,否认逾期,海尔消费金融有限公司,5
2024,基本信息不准确,苏银凯基消费金融有限公司,28
2024,其他,苏银凯基消费金融有限公司,28
2024,基本信息不准确,河南中原消费金融股份有限公司,7
2024,基本信息不准确,海尔消费金融有限公司,5
2024,否认逾期,杭银消费金融股份有限公司,11
2024,非本人业务,捷信消费金融有限公司,1
2024,基本信息不准确,捷信消费金融有限公司,1
2024,否认逾期,湖北消费金融股份有限公司,16
2024,否认逾期,湖北消费金融股份有限公司,16
2024,否认逾期,湖北消费金融股份有限公司,16
2024,否认逾期,湖北消费金融股份有限公司,16
2024,否认逾期,招联消费金融股份有限公司,2
2024,否认逾期,招联消费金融股份有限公司,2
2024,否认逾期,捷信消费金融有限公司,1
2024,基本信息不准确,四川省唯品富邦消费金融有限公司,30
2024,否认逾期,捷信消费金融有限公司,1
2024,非本人业务,捷信消费金融有限公司,1
2024,否认逾期,马上消费金融股份有限公司,3
2024,基本信息不准确,兴业消费金融股份公司,9
2024,其他,海尔消费金融有限公司,5
2024,非本人业务,招联消费金融股份有限公司,2
2024,基本信息不准确,捷信消费金融有限公司,1
2024,其他,重庆蚂蚁消费金融有限公司,13
2024,其他,捷信消费金融有限公司,1
2024,基本信息不准确,中邮消费金融有限公司,4
2024,否认逾期,马上消费金融股份有限公司,3
2024,基本信息不准确,湖南长银五八消费金融股份有限公司,29
2024,基本信息不准确,捷信消费金融有限公司,1
2024,基本信息不准确,捷信消费金融有限公司,1
2024,否认逾期,捷信消费金融有限公司,1
2024,否认逾期,捷信消费金融有限公司,1
2024,否认逾期,晋商消费金融股份有限公司,10
2024,基本信息不准确,中信消费金融有限公司,21
2024,否认逾期,招联消费金融股份有限公司,2
2024,否认逾期,招联消费金融股份有限公司,2
2024,否认逾期,捷信消费金融有限公司,1
2024,否认逾期,马上消费金融股份有限公司,3
2024,否认逾期,招联消费金融股份有限公司,2
2024,否认逾期,捷信消费金融有限公司,1
2024,非本人业务,招联消费金融股份有限公司,2
2024,基本信息不准确,陕西长银消费金融有限公司,8
2024,否认逾期,厦门金美信消费金融有限责任公司,25
2024,基本信息不准确,捷信消费金融有限公司,1
2024,非本人业务,内蒙古蒙商消费金融股份有限公司,22
2024,否认逾期,捷信消费金融有限公司,1
2024,基本信息不准确,内蒙古蒙商消费金融股份有限公司,22
2024,账户状态有误,招联消费金融股份有限公司,2
2024,账户状态有误,招联消费金融股份有限公司,2
2024,否认逾期,中邮消费金融有限公司,4
2024,否认逾期,招联消费金融股份有限公司,2
2024,否认逾期,招联消费金融股份有限公司,2
2024,否认逾期,招联消费金融股份有限公司,2
2024,基本信息不准确,内蒙古蒙商消费金融股份有限公司,22
2024,基本信息不准确,河南中原消费金融股份有限公司,7
2024,基本信息不准确,湖北消费金融股份有限公司,16
2024,否认逾期,招联消费金融股份有限公司,2
2024,代偿,盛银消费金融有限公司,24
2024,非本人业务,招联消费金融股份有限公司,2
2024,否认逾期,马上消费金融股份有限公司,3
2024,否认逾期,捷信消费金融有限公司,1
2024,否认逾期,陕西长银消费金融有限公司,8
2024,非本人业务,招联消费金融股份有限公司,2
2024,非本人业务,捷信消费金融有限公司,1
2024,否认逾期,招联消费金融股份有限公司,2
2024,否认逾期,捷信消费金融有限公司,1
2024,基本信息不准确,捷信消费金融有限公司,1
2024,基本信息不准确,苏银凯基消费金融有限公司,28
2024,非本人业务,招联消费金融股份有限公司,2
2024,否认逾期,捷信消费金融有限公司,1
2024,基本信息不准确,捷信消费金融有限公司,1
2024,基本信息不准确,捷信消费金融有限公司,1
2024,基本信息不准确,捷信消费金融有限公司,1
2024,非本人业务,招联消费金融股份有限公司,2
2024,非本人业务,捷信消费金融有限公司,1
2024,非本人业务,招联消费金融股份有限公司,2
2024,基本信息不准确,捷信消费金融有限公司,1
2024,基本信息不准确,捷信消费金融有限公司,1
2024,基本信息不准确,捷信消费金融有限公司,1
2024,非本人业务,捷信消费金融有限公司,1
2024,基本信息不准确,陕西长银消费金融有限公司,8
2024,否认逾期,捷信消费金融有限公司,1
2024,否认逾期,中邮消费金融有限公司,4
2024,基本信息不准确,捷信消费金融有限公司,1
2024,基本信息不准确,捷信消费金融有限公司,1
2024,否认逾期,中邮消费金融有限公司,4
2024,基本信息不准确,捷信消费金融有限公司,1
2024,基本信息不准确,捷信消费金融有限公司,1
2024,否认逾期,中邮消费金融有限公司,4
2024,否认逾期,捷信消费金融有限公司,1
2024,基本信息不准确,捷信消费金融有限公司,1
2024,基本信息不准确,苏银凯基消费金融有限公司,28
2024,否认逾期,湖北消费金融股份有限公司,16
2024,否认逾期,厦门金美信消费金融有限责任公司,25
2024,基本信息不准确,捷信消费金融有限公司,1
2024,基本信息不准确,捷信消费金融有限公司,1
2024,其他,捷信消费金融有限公司,1
2024,其他,捷信消费金融有限公司,1
2024,否认逾期,捷信消费金融有限公司,1
2024,基本信息不准确,捷信消费金融有限公司,1
2024,否认逾期,马上消费金融股份有限公司,3
2024,否认逾期,中邮消费金融有限公司,4
2024,否认逾期,中邮消费金融有限公司,4
2024,非本人业务,招联消费金融股份有限公司,2
2024,非本人业务,招联消费金融股份有限公司,2
2024,非本人业务,招联消费金融股份有限公司,2
2024,非本人业务,招联消费金融股份有限公司,2
2024,非本人业务,招联消费金融股份有限公司,2
2024,非本人业务,招联消费金融股份有限公司,2
2024,非本人业务,招联消费金融股份有限公司,2
2024,非本人业务,招联消费金融股份有限公司,2
2024,非本人业务,招联消费金融股份有限公司,2
2024,否认逾期,陕西长银消费金融有限公司,8
2024,否认逾期,马上消费金融股份有限公司,3
2024,否认逾期,招联消费金融股份有限公司,2
2024,否认逾期,捷信消费金融有限公司,1
2024,基本信息不准确,捷信消费金融有限公司,1
2024,否认逾期,重庆蚂蚁消费金融有限公司,13
2024,否认逾期,捷信消费金融有限公司,1
2024,非本人业务,捷信消费金融有限公司,1
2024,否认逾期,晋商消费金融股份有限公司,10
2024,非本人业务,招联消费金融股份有限公司,2
2024,否认逾期,招联消费金融股份有限公司,2
2024,非本人业务,重庆蚂蚁消费金融有限公司,13
2024,非本人业务,重庆蚂蚁消费金融有限公司,13
2024,基本信息不准确,马上消费金融股份有限公司,3
2024,基本信息不准确,捷信消费金融有限公司,1
2024,否认逾期,招联消费金融股份有限公司,2
2024,基本信息不准确,捷信消费金融有限公司,1
2024,否认逾期,湖北消费金融股份有限公司,16
2024,非本人业务,捷信消费金融有限公司,1
2024,欺诈,招联消费金融股份有限公司,2
2024,非本人业务,杭银消费金融股份有限公司,11
2024,否认逾期,马上消费金融股份有限公司,3
2024,基本信息不准确,马上消费金融股份有限公司,3
2024,基本信息不准确,捷信消费金融有限公司,1
2024,非本人业务,捷信消费金融有限公司,1
2024,否认逾期,晋商消费金融股份有限公司,10
2024,否认逾期,陕西长银消费金融有限公司,8
2024,否认逾期,捷信消费金融有限公司,1
2024,否认逾期,捷信消费金融有限公司,1
2024,基本信息不准确,中邮消费金融有限公司,4
2024,非本人业务,捷信消费金融有限公司,1
2024,基本信息不准确,浙江宁银消费金融股份有限公司,18
2024,否认逾期,捷信消费金融有限公司,1
2024,基本信息不准确,河南中原消费金融股份有限公司,7
2024,其他,重庆蚂蚁消费金融有限公司,13
2024,否认逾期,招联消费金融股份有限公司,2
2024,否认逾期,捷信消费金融有限公司,1
2024,否认逾期,招联消费金融股份有限公司,2
2024,否认逾期,招联消费金融股份有限公司,2
2024,基本信息不准确,陕西长银消费金融有限公司,8
2024,非本人业务,捷信消费金融有限公司,1
2024,否认逾期,中邮消费金融有限公司,4
2024,否认逾期,中银消费金融有限公司,6
2024,否认逾期,马上消费金融股份有限公司,3
2024,基本信息不准确,捷信消费金融有限公司,1
2024,基本信息不准确,捷信消费金融有限公司,1
2024,基本信息不准确,马上消费金融股份有限公司,3
2024,非本人业务,海尔消费金融有限公司,5
2024,基本信息不准确,河南中原消费金融股份有限公司,7
2024,否认逾期,捷信消费金融有限公司,1
2024,否认逾期,招联消费金融股份有限公司,2
2024,基本信息不准确,河南中原消费金融股份有限公司,7
2024,基本信息不准确,湖北消费金融股份有限公司,16
2024,否认逾期,湖北消费金融股份有限公司,16
2024,其他,捷信消费金融有限公司,1
2024,否认逾期,海尔消费金融有限公司,5
2024,基本信息不准确,中信消费金融有限公司,21
2024,否认逾期,捷信消费金融有限公司,1
2024,否认逾期,海尔消费金融有限公司,5
2024,否认逾期,海尔消费金融有限公司,5
2024,非本人业务,捷信消费金融有限公司,1
2024,否认逾期,中银消费金融有限公司,6
2024,非本人业务,捷信消费金融有限公司,1
2024,否认逾期,招联消费金融股份有限公司,2
2024,否认逾期,杭银消费金融股份有限公司,11
2024,否认逾期,重庆蚂蚁消费金融有限公司,13
2024,代偿,厦门金美信消费金融有限责任公司,25
2024,非本人业务,招联消费金融股份有限公司,2
2024,否认逾期,马上消费金融股份有限公司,3
2024,否认逾期,招联消费金融股份有限公司,2
2024,否认逾期,捷信消费金融有限公司,1
2024,基本信息不准确,浙江宁银消费金融股份有限公司,18
2024,否认逾期,湖北消费金融股份有限公司,16
2024,否认逾期,马上消费金融股份有限公司,3
2024,基本信息不准确,中邮消费金融有限公司,4
2024,否认逾期,捷信消费金融有限公司,1
2024,否认逾期,捷信消费金融有限公司,1
2024,非本人业务,招联消费金融股份有限公司,2
2024,非本人业务,捷信消费金融有限公司,1
2024,否认逾期,捷信消费金融有限公司,1
2024,否认逾期,重庆蚂蚁消费金融有限公司,13
2024,基本信息不准确,捷信消费金融有限公司,1
2024,账户状态有误,招联消费金融股份有限公司,2
2024,账户状态有误,招联消费金融股份有限公司,2
2024,非本人业务,招联消费金融股份有限公司,2
2024,否认逾期,招联消费金融股份有限公司,2
2024,其他,马上消费金融股份有限公司,3
2024,其他,马上消费金融股份有限公司,3
2024,否认逾期,捷信消费金融有限公司,1
2024,否认逾期,捷信消费金融有限公司,1
2024,否认逾期,招联消费金融股份有限公司,2
2024,否认逾期,招联消费金融股份有限公司,2
2024,否认逾期,招联消费金融股份有限公司,2
2024,基本信息不准确,湖北消费金融股份有限公司,16
2024,否认逾期,招联消费金融股份有限公司,2
2024,否认逾期,招联消费金融股份有限公司,2
2024,基本信息不准确,晋商消费金融股份有限公司,10
2024,基本信息不准确,河南中原消费金融股份有限公司,7
2024,否认逾期,捷信消费金融有限公司,1
2024,否认逾期,捷信消费金融有限公司,1
2024,否认逾期,北银消费金融有限公司,15
2024,非本人业务,招联消费金融股份有限公司,2
2024,否认逾期,重庆蚂蚁消费金融有限公司,13
2024,基本信息不准确,捷信消费金融有限公司,1
2024,非本人业务,捷信消费金融有限公司,1
2024,基本信息不准确,捷信消费金融有限公司,1
2024,基本信息不准确,捷信消费金融有限公司,1
2024,非本人业务,招联消费金融股份有限公司,2
2024,基本信息不准确,兴业消费金融股份公司,9
2024,基本信息不准确,苏银凯基消费金融有限公司,28
2024,非本人业务,捷信消费金融有限公司,1
2024,非本人业务,捷信消费金融有限公司,1
2024,账户状态有误,海尔消费金融有限公司,5
2024,非本人业务,捷信消费金融有限公司,1
2024,否认逾期,晋商消费金融股份有限公司,10
2024,基本信息不准确,兴业消费金融股份公司,9
2024,基本信息不准确,兴业消费金融股份公司,9
2024,基本信息不准确,中银消费金融有限公司,6
2024,基本信息不准确,招联消费金融股份有限公司,2
2024,否认逾期,捷信消费金融有限公司,1
2024,否认逾期,捷信消费金融有限公司,1
2024,非本人业务,招联消费金融股份有限公司,2
2024,基本信息不准确,苏银凯基消费金融有限公司,28
2024,基本信息不准确,海尔消费金融有限公司,5
2024,账户状态有误,海尔消费金融有限公司,5
2024,否认逾期,捷信消费金融有限公司,1
2024,否认逾期,捷信消费金融有限公司,1
2024,代偿,厦门金美信消费金融有限责任公司,25
2024,非本人业务,马上消费金融股份有限公司,3
2024,基本信息不准确,陕西长银消费金融有限公司,8
2024,其他,捷信消费金融有限公司,1
2024,否认逾期,捷信消费金融有限公司,1
2024,否认逾期,招联消费金融股份有限公司,2
2024,否认逾期,晋商消费金融股份有限公司,10
2024,非本人业务,捷信消费金融有限公司,1
2024,否认逾期,马上消费金融股份有限公司,3
2024,否认逾期,马上消费金融股份有限公司,3
2024,否认逾期,马上消费金融股份有限公司,3
2024,否认逾期,捷信消费金融有限公司,1
2024,否认逾期,中邮消费金融有限公司,4
2024,否认逾期,中邮消费金融有限公司,4
2024,否认逾期,中邮消费金融有限公司,4
2024,其他,捷信消费金融有限公司,1
2024,非本人业务,兴业消费金融股份公司,9
2024,基本信息不准确,捷信消费金融有限公司,1
2024,基本信息不准确,湖北消费金融股份有限公司,16
2024,基本信息不准确,捷信消费金融有限公司,1
2024,否认逾期,招联消费金融股份有限公司,2
2024,其他,杭银消费金融股份有限公司,11
2024,非本人业务,重庆蚂蚁消费金融有限公司,13
2024,否认逾期,捷信消费金融有限公司,1
2024,代偿,中信消费金融有限公司,21
2024,非本人业务,捷信消费金融有限公司,1
2024,否认逾期,马上消费金融股份有限公司,3
2024,否认逾期,杭银消费金融股份有限公司,11
2024,账户状态有误,陕西长银消费金融有限公司,8
2024,否认逾期,河南中原消费金融股份有限公司,7
2024,否认逾期,捷信消费金融有限公司,1
2024,否认逾期,河南中原消费金融股份有限公司,7
2024,否认逾期,招联消费金融股份有限公司,2
2024,否认逾期,陕西长银消费金融有限公司,8
2024,否认逾期,陕西长银消费金融有限公司,8
2024,否认逾期,陕西长银消费金融有限公司,8
2024,基本信息不准确,中银消费金融有限公司,6
2024,否认逾期,中银消费金融有限公司,6
2024,基本信息不准确,海尔消费金融有限公司,5
2024,否认逾期,捷信消费金融有限公司,1
2024,基本信息不准确,苏银凯基消费金融有限公司,28
2024,否认逾期,中邮消费金融有限公司,4
2024,基本信息不准确,兴业消费金融股份公司,9
2024,非本人业务,捷信消费金融有限公司,1
2024,非本人业务,捷信消费金融有限公司,1
2024,基本信息不准确,苏银凯基消费金融有限公司,28
2024,非本人业务,捷信消费金融有限公司,1
2024,否认逾期,重庆蚂蚁消费金融有限公司,13
2024,否认逾期,招联消费金融股份有限公司,2
2024,其他,招联消费金融股份有限公司,2
2024,否认逾期,捷信消费金融有限公司,1
2024,否认逾期,招联消费金融股份有限公司,2
2024,代偿,厦门金美信消费金融有限责任公司,25
2024,非本人业务,捷信消费金融有限公司,1
2024,非本人业务,中银消费金融有限公司,6
2024,否认逾期,招联消费金融股份有限公司,2
2024,账户状态有误,杭银消费金融股份有限公司,11
2024,否认逾期,杭银消费金融股份有限公司,11
2024,基本信息不准确,陕西长银消费金融有限公司,8
2024,否认逾期,马上消费金融股份有限公司,3
2024,基本信息不准确,捷信消费金融有限公司,1
2024,非本人业务,捷信消费金融有限公司,1
2024,否认逾期,招联消费金融股份有限公司,2
2024,账户状态有误,海尔消费金融有限公司,5
2024,非本人业务,厦门金美信消费金融有限责任公司,25
2024,否认逾期,中银消费金融有限公司,6
2024,否认逾期,招联消费金融股份有限公司,2
2024,其他,中邮消费金融有限公司,4
2024,基本信息不准确,苏银凯基消费金融有限公司,28
2024,非本人业务,海尔消费金融有限公司,5
2024,否认逾期,捷信消费金融有限公司,1
2024,否认逾期,河南中原消费金融股份有限公司,7
2024,基本信息不准确,杭银消费金融股份有限公司,11
2024,基本信息不准确,捷信消费金融有限公司,1
2024,否认逾期,中银消费金融有限公司,6
2024,基本信息不准确,南银法巴消费金融有限公司,19
2024,基本信息不准确,捷信消费金融有限公司,1
2024,基本信息不准确,厦门金美信消费金融有限责任公司,25
2024,基本信息不准确,捷信消费金融有限公司,1
2024,非本人业务,中银消费金融有限公司,6
2024,非本人业务,捷信消费金融有限公司,1
2024,否认逾期,马上消费金融股份有限公司,3
2024,否认逾期,杭银消费金融股份有限公司,11
2024,非本人业务,杭银消费金融股份有限公司,11
2024,否认逾期,晋商消费金融股份有限公司,10
2024,基本信息不准确,捷信消费金融有限公司,1
2024,否认逾期,捷信消费金融有限公司,1
2024,其他,捷信消费金融有限公司,1
2024,基本信息不准确,捷信消费金融有限公司,1
2024,否认逾期,招联消费金融股份有限公司,2
2024,基本信息不准确,苏银凯基消费金融有限公司,28
2024,基本信息不准确,海尔消费金融有限公司,5
2024,基本信息不准确,陕西长银消费金融有限公司,8
2024,否认逾期,河南中原消费金融股份有限公司,7
2024,基本信息不准确,河南中原消费金融股份有限公司,7
2024,基本信息不准确,河南中原消费金融股份有限公司,7
2024,非本人业务,捷信消费金融有限公司,1
2024,基本信息不准确,河南中原消费金融股份有限公司,7
2024,基本信息不准确,捷信消费金融有限公司,1
2024,否认逾期,马上消费金融股份有限公司,3
2024,否认逾期,马上消费金融股份有限公司,3
2024,非本人业务,中银消费金融有限公司,6
2024,否认逾期,中邮消费金融有限公司,4
2024,否认逾期,马上消费金融股份有限公司,3
2024,否认逾期,捷信消费金融有限公司,1
2024,非本人业务,中银消费金融有限公司,6
2024,否认逾期,捷信消费金融有限公司,1
2024,非本人业务,捷信消费金融有限公司,1
2024,基本信息不准确,苏银凯基消费金融有限公司,28
2024,否认逾期,捷信消费金融有限公司,1
2024,否认逾期,捷信消费金融有限公司,1
2024,非本人业务,捷信消费金融有限公司,1
2024,非本人业务,捷信消费金融有限公司,1
2024,否认逾期,马上消费金融股份有限公司,3
2024,非本人业务,河南中原消费金融股份有限公司,7
2024,非本人业务,捷信消费金融有限公司,1
2024,非本人业务,捷信消费金融有限公司,1
2024,否认逾期,捷信消费金融有限公司,1
2024,否认逾期,中银消费金融有限公司,6
2024,否认逾期,马上消费金融股份有限公司,3
2024,否认逾期,重庆蚂蚁消费金融有限公司,13
2024,否认逾期,招联消费金融股份有限公司,2
2024,否认逾期,捷信消费金融有限公司,1
2024,基本信息不准确,陕西长银消费金融有限公司,8
2024,否认逾期,中邮消费金融有限公司,4
2024,否认逾期,招联消费金融股份有限公司,2
2024,非本人业务,重庆蚂蚁消费金融有限公司,13
2024,非本人业务,捷信消费金融有限公司,1
2024,其他,上海尚诚消费金融股份有限公司,17
2024,其他,海尔消费金融有限公司,5
2024,其他,海尔消费金融有限公司,5
2024,代偿,厦门金美信消费金融有限责任公司,25
2024,代偿,厦门金美信消费金融有限责任公司,25
2024,基本信息不准确,重庆蚂蚁消费金融有限公司,13
2024,否认逾期,招联消费金融股份有限公司,2
2024,非本人业务,招联消费金融股份有限公司,2
2024,否认逾期,捷信消费金融有限公司,1
2024,基本信息不准确,内蒙古蒙商消费金融股份有限公司,22
2024,否认逾期,马上消费金融股份有限公司,3
2024,否认逾期,马上消费金融股份有限公司,3
2024,否认逾期,招联消费金融股份有限公司,2
2024,否认逾期,马上消费金融股份有限公司,3
2024,否认逾期,北银消费金融有限公司,15
2024,基本信息不准确,四川省唯品富邦消费金融有限公司,30
2024,基本信息不准确,晋商消费金融股份有限公司,10
2024,否认逾期,捷信消费金融有限公司,1
2024,非本人业务,捷信消费金融有限公司,1
2024,基本信息不准确,兴业消费金融股份公司,9
2024,否认逾期,海尔消费金融有限公司,5
2024,否认逾期,招联消费金融股份有限公司,2
