捷信消费金融有限公司,捷信消费金融有限公司,捷信消费金融有限公司,捷信消费金融有限公司,,,,,TRUE,TRUE,TRUE
招联消费金融股份有限公司,招联消费金融股份有限公司,招联消费金融股份有限公司,招联消费金融股份有限公司,,,,,TRUE,TRUE,TRUE
马上消费金融股份有限公司,马上消费金融股份有限公司,马上消费金融股份有限公司,马上消费金融股份有限公司,,,,,TRUE,TRUE,TRUE
中邮消费金融有限公司,中邮消费金融有限公司,中邮消费金融有限公司,中邮消费金融有限公司,,,,,TRUE,TRUE,TRUE
海尔消费金融有限公司,海尔消费金融有限公司,陕西长银消费金融有限公司,海尔消费金融有限公司,,,,,TRUE,FALSE,TRUE
中银消费金融有限公司,中银消费金融有限公司,重庆蚂蚁消费金融有限公司,中银消费金融有限公司,,,,,TRUE,FALSE,TRUE
河南中原消费金融股份有限公司,河南中原消费金融股份有限公司,兴业消费金融股份公司,河南中原消费金融股份有限公司,,,,,TRUE,FALSE,TRUE
陕西长银消费金融有限公司,陕西长银消费金融有限公司,河南中原消费金融股份有限公司,陕西长银消费金融有限公司,,,,,TRUE,FALSE,TRUE
兴业消费金融股份公司,兴业消费金融股份公司,海尔消费金融有限公司,兴业消费金融股份公司,,,,,TRUE,FALSE,TRUE
晋商消费金融股份有限公司,晋商消费金融股份有限公司,南银法巴消费金融有限公司,晋商消费金融股份有限公司,,,,,TRUE,FALSE,TRUE
杭银消费金融股份有限公司,杭银消费金融股份有限公司,中信消费金融有限公司,杭银消费金融股份有限公司,,,,,TRUE,FALSE,TRUE
河北幸福消费金融股份有限公司,河北幸福消费金融股份有限公司,四川锦程消费金融有限责任公司,,,,,,TRUE,FALSE,FALSE
重庆蚂蚁消费金融有限公司,重庆蚂蚁消费金融有限公司,杭银消费金融股份有限公司,重庆蚂蚁消费金融有限公司,,,,,TRUE,FALSE,TRUE
哈尔滨哈银消费金融有限责任公司,哈尔滨哈银消费金融有限责任公司,中银消费金融有限公司,哈尔滨哈银消费金融有限责任公司,,,,,TRUE,FALSE,TRUE
北银消费金融有限公司,北银消费金融有限公司,厦门金美信消费金融有限责任公司,北银消费金融有限公司,,,,,TRUE,FALSE,TRUE
湖北消费金融股份有限公司,湖北消费金融股份有限公司,苏银凯基消费金融有限公司,湖北消费金融股份有限公司,,,,,TRUE,FALSE,TRUE
上海尚诚消费金融股份有限公司,上海尚诚消费金融股份有限公司,晋商消费金融股份有限公司,上海尚诚消费金融股份有限公司,,,,,TRUE,FALSE,TRUE
浙江宁银消费金融股份有限公司,,湖北消费金融股份有限公司,浙江宁银消费金融股份有限公司,,,,,FALSE,FALSE,TRUE
南银法巴消费金融有限公司,南银法巴消费金融有限公司,河北幸福消费金融股份有限公司,南银法巴消费金融有限公司,,,,,TRUE,FALSE,TRUE
四川锦程消费金融有限责任公司,四川锦程消费金融有限责任公司,哈尔滨哈银消费金融有限责任公司,四川锦程消费金融有限责任公司,,,,,TRUE,FALSE,TRUE
中信消费金融有限公司,中信消费金融有限公司,上海尚诚消费金融股份有限公司,中信消费金融有限公司,,,,,TRUE,FALSE,TRUE
内蒙古蒙商消费金融股份有限公司,内蒙古蒙商消费金融股份有限公司,浙江宁银消费金融股份有限公司,内蒙古蒙商消费金融股份有限公司,,,,,TRUE,FALSE,TRUE
重庆小米消费金融有限公司,重庆小米消费金融有限公司,内蒙古蒙商消费金融股份有限公司,,,,,,TRUE,FALSE,FALSE
盛银消费金融有限公司,,重庆小米消费金融有限公司,盛银消费金融有限公司,,,,,FALSE,FALSE,TRUE
厦门金美信消费金融有限责任公司,厦门金美信消费金融有限责任公司,盛银消费金融有限公司,厦门金美信消费金融有限责任公司,,,,,TRUE,FALSE,TRUE
北京阳光消费金融股份有限公司,北京阳光消费金融股份有限公司,北京阳光消费金融股份有限公司,北京阳光消费金融股份有限公司,,,,,TRUE,TRUE,TRUE
平安消费金融有限公司,平安消费金融有限公司,湖南长银五八消费金融股份有限公司,平安消费金融有限公司,,,,,TRUE,FALSE,TRUE
苏银凯基消费金融有限公司,苏银凯基消费金融有限公司,四川省唯品富邦消费金融有限公司,苏银凯基消费金融有限公司,,,,,TRUE,FALSE,TRUE
湖南长银五八消费金融股份有限公司,湖南长银五八消费金融股份有限公司,北京阳光消费金融股份有限公司,湖南长银五八消费金融股份有限公司,,,,,TRUE,#REF!,TRUE
四川省唯品富邦消费金融有限公司,,湖南长银五八消费金融股份有限公司,四川省唯品富邦消费金融有限公司,,,,,FALSE,#REF!,TRUE
建信消费金融有限公司,,四川省唯品富邦消费金融有限公司,,,,,,,,
